;vorname;anzahl;geschlecht;position
CW;Marie;72;w;2
CW;Sophie;70;w;2
CW;Maria;50;w;2
CW;Alexander;43;m;2
CW;Noah;43;m;1
CW;Emilia;42;w;1
CW;Charlotte;36;w;2
CW;Emma;36;w;1
CW;Anton;35;m;1
CW;Emil;35;m;1
CW;Anna;33;w;1
CW;Ella;32;w;1
CW;Maximilian;31;m;2
CW;Felix;30;m;1
CW;Charlotte;30;w;1
CW;Mila;30;w;1
CW;Sophia;29;w;1
CW;Jakob;27;m;1
CW;Maximilian;27;m;1
CW;Mia;27;w;1
CW;Helena;26;w;1
CW;Jonas;25;m;1
CW;Theodor;25;m;1
CW;Hannah;25;w;1
CW;Jonathan;24;m;1
CW;Lara;24;w;1
CW;Luise;23;w;2
CW;Julian;23;m;1
CW;Paul;23;m;1
CW;Lea;23;w;1
CW;Elias;22;m;2
CW;Adam;22;m;1
CW;Elias;22;m;1
CW;Lina;22;w;1
CW;Leonard;22;m;1
CW;Marie;22;w;1
CW;Mathilda;22;w;1
CW;Sophia;21;w;2
CW;Henry;21;m;1
CW;Liam;21;m;1
CW;Clara;20;w;1
CW;Julius;20;m;1
CW;Mira;20;w;1
CW;Louis;20;m;1
CW;Oskar;20;m;1
CW;Theo;20;m;1
CW;Greta;19;w;1
CW;Johanna;19;w;1
CW;Luise;19;w;1
CW;Alexander;19;m;1
CW;Nora;19;w;1
CW;Paul;18;m;2
CW;Ben;18;m;1
CW;Lena;18;w;1
CW;Luca;18;m;1
CW;Luisa;18;w;1
CW;Elisabeth;17;w;2
CW;Finn;17;m;1
CW;Ida;17;w;1
CW;Leon;17;m;1
CW;Valentin;16;m;2
CW;Anna;16;w;2
CW;Emilia;16;w;2
CW;Marlene;16;w;1
CW;Arthur;16;m;1
CW;David;16;m;1
CW;Leo;16;m;1
CW;Moritz;16;m;1
CW;Anton;15;m;2
CW;Elisa;15;w;2
CW;Maja;15;w;1
CW;Matilda;15;w;1
CW;Paula;15;w;1
CW;Sofia;15;w;1
CW;Levi;15;m;1
CW;Linus;15;m;1
CW;Emil;14;m;2
CW;Jakob;14;m;2
CW;Luisa;14;w;2
CW;Victoria;14;w;2
CW;Elisa;14;w;1
CW;Frida;14;w;1
CW;Fritz;14;m;1
CW;Klara;14;w;1
CW;Luis;14;m;1
CW;Leni;14;w;1
CW;Lukas;14;m;1
CW;Olivia;14;w;1
CW;Tim;14;m;1
CW;Sophie;14;w;1
CW;Vincent;14;m;1
CW;Helene;13;w;2
CW;Alma;13;w;1
CW;Adrian;13;m;1
CW;Ava;13;w;1
CW;Bruno;13;m;1
CW;Elisabeth;13;w;1
CW;Carl;13;m;1
CW;Julia;13;w;1
CW;Gabriel;13;m;1
CW;Leonie;13;w;1
CW;Karl;13;m;1
CW;Mina;13;w;1
CW;Max;13;m;1
CW;Milan;13;m;1
CW;Valentin;13;m;1
CW;Caspar;12;m;2
CW;Felix;12;m;2
CW;Johannes;12;m;2
CW;Karl;12;m;2
CW;Amelie;12;w;1
CW;Antonia;12;w;1
CW;Lia;12;w;1
CW;Benjamin;12;m;1
CW;Louisa;12;w;1
CW;Henri;12;m;1
CW;Maya;12;w;1
CW;Malik;12;m;1
CW;Mats;12;m;1
CW;David;11;m;2
CW;Friedrich;11;m;2
CW;Konstantin;11;m;2
CW;Noah;11;m;2
CW;Isabella;11;w;1
CW;Laura;11;w;1
CW;Friedrich;11;m;1
CW;Lilly;11;w;1
CW;Ilyas;11;m;1
CW;Liya;11;w;1
CW;Johann;11;m;1
CW;Maria;11;w;1
CW;Joshua;11;m;1
CW;Nele;11;w;1
CW;Matteo;11;m;1
CW;Raphael;11;m;1
CW;Emma;10;w;2
CW;Johanna;10;w;2
CW;Benjamin;10;m;2
CW;Carl;10;m;2
CW;Jonathan;10;m;2
CW;Julius;10;m;2
CW;Louis;10;m;2
CW;Luca;10;m;2
CW;Michael;10;m;2
CW;Otto;10;m;2
CW;Philipp;10;m;2
CW;Sebastian;10;m;2
CW;Alva;10;w;1
CW;Carla;10;w;1
CW;Florian;10;m;1
CW;Emily;10;w;1
CW;Leonardo;10;m;1
CW;Hanna;10;w;1
CW;Juna;10;w;1
CW;Sara;10;w;1
CW;Marie;9;w;3
CW;Mathilda;9;w;2
CW;Can;9;m;2
CW;Leonard;9;m;2
CW;Martin;9;m;2
CW;Daniel;9;m;1
CW;Frederik;9;m;1
CW;Jan;9;m;1
CW;Ada;9;w;1
CW;Matheo;9;m;1
CW;Elena;9;w;1
CW;Mika;9;m;1
CW;Fiona;9;w;1
CW;Samuel;9;m;1
CW;Luna;9;w;1
CW;Tom;9;m;1
CW;Stella;9;w;1
CW;Theresa;9;w;1
CW;Tilda;9;w;1
CW;Amalia;8;w;2
CW;Antonia;8;w;2
CW;Elise;8;w;2
CW;Josephine;8;w;2
CW;Lou;8;w;2
CW;Louise;8;w;2
CW;Su;8;w;2
CW;August;8;m;2
CW;Frederik;8;m;2
CW;Georg;8;m;2
CW;Henry;8;m;2
CW;Liam;8;m;2
CW;Lukas;8;m;2
CW;Samuel;8;m;2
CW;Theodor;8;m;2
CW;Amir;8;m;1
CW;Caspar;8;m;1
CW;Enno;8;m;1
CW;Amalia;8;w;1
CW;Erik;8;m;1
CW;Ana;8;w;1
CW;Hamza;8;m;1
CW;Carlotta;8;w;1
CW;Hugo;8;m;1
CW;Ela;8;w;1
CW;Jonah;8;m;1
CW;Leah;8;w;1
CW;Justus;8;m;1
CW;Merle;8;w;1
CW;Kian;8;m;1
CW;Sarah;8;w;1
CW;Konstantin;8;m;1
CW;Thea;8;w;1
CW;Malte;8;m;1
CW;Viktoria;8;w;1
CW;Maxim;8;m;1
CW;Omar;8;m;1
CW;Tobias;8;m;1
CW;Amelie;7;w;2
CW;Ida;7;w;2
CW;Isabel;7;w;2
CW;Lucia;7;w;2
CW;Rosa;7;w;2
CW;Ali;7;m;2
CW;Gabriel;7;m;2
CW;Johann;7;m;2
CW;Joseph;7;m;2
CW;Joshua;7;m;2
CW;Max;7;m;2
CW;Flora;7;w;1
CW;Isabel;7;w;1
CW;Josephine;7;w;1
CW;Jannis;7;m;1
CW;Leyla;7;w;1
CW;Lucas;7;m;1
CW;Lilli;7;w;1
CW;Oliver;7;m;1
CW;Liv;7;w;1
CW;Oscar;7;m;1
CW;Livia;7;w;1
CW;Philipp;7;m;1
CW;Mara;7;w;1
CW;Simon;7;m;1
CW;William;7;m;1
CW;Paul;6;m;3
CW;Elisabeth;6;w;3
CW;Maria;6;w;3
CW;Sophie;6;w;3
CW;Alma;6;w;2
CW;Ava;6;w;2
CW;Carlotta;6;w;2
CW;Hannah;6;w;2
CW;Helena;6;w;2
CW;Isabella;6;w;2
CW;Katharina;6;w;2
CW;Lara;6;w;2
CW;Matilda;6;w;2
CW;Mia;6;w;2
CW;Mira;6;w;2
CW;Sabine;6;w;2
CW;Andreas;6;m;2
CW;Constantin;6;m;2
CW;Fritz;6;m;2
CW;Hugo;6;m;2
CW;Leopold;6;m;2
CW;Linus;6;m;2
CW;Thomas;6;m;2
CW;William;6;m;2
CW;Adriana;6;w;1
CW;Defne;6;w;1
CW;Ali;6;m;1
CW;Elif;6;w;1
CW;Constantin;6;m;1
CW;Esila;6;w;1
CW;Dominik;6;m;1
CW;Eva;6;w;1
CW;Emilio;6;m;1
CW;Finja;6;w;1
CW;Emir;6;m;1
CW;Helene;6;w;1
CW;Ferdinand;6;m;1
CW;Jasmin;6;w;1
CW;Jannes;6;m;1
CW;Kira;6;w;1
CW;Kilian;6;m;1
CW;Liana;6;w;1
CW;Leopold;6;m;1
CW;Michelle;6;w;1
CW;Levin;6;m;1
CW;Nika;6;w;1
CW;Lio;6;m;1
CW;Pauline;6;w;1
CW;Luka;6;m;1
CW;Romy;6;w;1
CW;Mateo;6;m;1
CW;Zoe;6;w;1
CW;Mattis;6;m;1
CW;Mio;6;m;1
CW;Miran;6;m;1
CW;Nathan;6;m;1
CW;Nick;6;m;1
CW;Nicolas;6;m;1
CW;Niklas;6;m;1
CW;Alexander;5;m;3
CW;Maria;5;m;3
CW;Alexandra;5;w;2
CW;Clara;5;w;2
CW;Emilie;5;w;2
CW;Jolie;5;w;2
CW;Laura;5;w;2
CW;Lea;5;w;2
CW;Liv;5;w;2
CW;Magdalena;5;w;2
CW;Marlene;5;w;2
CW;Meryem;5;w;2
CW;Mina;5;w;2
CW;Arthur;5;m;2
CW;Sofie;5;w;2
CW;Aurel;5;m;2
CW;Theresa;5;w;2
CW;Finn;5;m;2
CW;Valentina;5;w;2
CW;Franz;5;m;2
CW;Henri;5;m;2
CW;Jonas;5;m;2
CW;Levin;5;m;2
CW;Matteo;5;m;2
CW;Niklas;5;m;2
CW;Ole;5;m;2
CW;Oliver;5;m;2
CW;Peter;5;m;2
CW;Robert;5;m;2
CW;Wilhelm;5;m;2
CW;Alessia;5;w;1
CW;Alina;5;w;1
CW;Alisa;5;w;1
CW;Aurelia;5;w;1
CW;Elin;5;w;1
CW;Jonna;5;w;1
CW;Juno;5;w;1
CW;Aaron;5;m;1
CW;Katharina;5;w;1
CW;Adem;5;m;1
CW;Marta;5;w;1
CW;August;5;m;1
CW;Melissa;5;w;1
CW;Bennet;5;m;1
CW;Meryem;5;w;1
CW;Edgar;5;m;1
CW;Miray;5;w;1
CW;Elyas;5;m;1
CW;Paulina;5;w;1
CW;Gustav;5;m;1
CW;Pia;5;w;1
CW;Jason;5;m;1
CW;Rosa;5;w;1
CW;Johan;5;m;1
CW;Valentina;5;w;1
CW;Johannes;5;m;1
CW;Victoria;5;w;1
CW;Joris;5;m;1
CW;Kaan;5;m;1
CW;Lennard;5;m;1
CW;Lennart;5;m;1
CW;Mohamad;5;m;1
CW;Mohammad;5;m;1
CW;Neo;5;m;1
CW;Nils;5;m;1
CW;Piet;5;m;1
CW;Sami;5;m;1
CW;Till;5;m;1
CW;Tristan;5;m;1
CW;Ömer;5;m;1
CW;Frederick;4;m;3
CW;Heinrich;4;m;3
CW;Rosa;4;w;3
CW;Christine;4;w;2
CW;Dorothea;4;w;2
CW;Elena;4;w;2
CW;Eleni;4;w;2
CW;Ella;4;w;2
CW;Frieda;4;w;2
CW;Gabriele;4;w;2
CW;Käthe;4;w;2
CW;Lena;4;w;2
CW;Lina;4;w;2
CW;Lotta;4;w;2
CW;Albert;4;m;2
CW;Martha;4;w;2
CW;Ben;4;m;2
CW;Mila;4;w;2
CW;Bruno;4;m;2
CW;Olivia;4;w;2
CW;Christian;4;m;2
CW;Pauline;4;w;2
CW;Emanuel;4;m;2
CW;Rosalie;4;w;2
CW;Emilian;4;m;2
CW;Therese;4;w;2
CW;Erik;4;m;2
CW;Viktoria;4;w;2
CW;Ferdinand;4;m;2
CW;Joachim;4;m;2
CW;John;4;m;2
CW;Josef;4;m;2
CW;Julian;4;m;2
CW;Leonardo;4;m;2
CW;Levi;4;m;2
CW;Luis;4;m;2
CW;Marc;4;m;2
CW;Matthias;4;m;2
CW;Mattis;4;m;2
CW;Maxim;4;m;2
CW;Neo;4;m;2
CW;Patrick;4;m;2
CW;Tim;4;m;2
CW;Victor;4;m;2
CW;Viktor;4;m;2
CW;Willem;4;m;2
CW;Wolfgang;4;m;2
CW;Alexandra;4;w;1
CW;Aliya;4;w;1
CW;Amaya;4;w;1
CW;Amelia;4;w;1
CW;Amina;4;w;1
CW;Annabell;4;w;1
CW;Annabelle;4;w;1
CW;Annika;4;w;1
CW;Asya;4;w;1
CW;Ayla;4;w;1
CW;Azra;4;w;1
CW;Beatrice;4;w;1
CW;Edda;4;w;1
CW;Ahmad;4;m;1
CW;Elissa;4;w;1
CW;Albert;4;m;1
CW;Emmi;4;w;1
CW;Alfred;4;m;1
CW;Esma;4;w;1
CW;Artur;4;m;1
CW;Esther;4;w;1
CW;Arvid;4;m;1
CW;Helen;4;w;1
CW;Bilal;4;m;1
CW;Helin;4;w;1
CW;Can;4;m;1
CW;Henriette;4;w;1
CW;Conrad;4;m;1
CW;Hira;4;w;1
CW;Emilian;4;m;1
CW;Janna;4;w;1
CW;Eren;4;m;1
CW;Käthe;4;w;1
CW;Eymen;4;m;1
CW;Lotte;4;w;1
CW;Franz;4;m;1
CW;Lucia;4;w;1
CW;Georg;4;m;1
CW;Lucie;4;w;1
CW;Hussein;4;m;1
CW;Malina;4;w;1
CW;Jacob;4;m;1
CW;Margarete;4;w;1
CW;James;4;m;1
CW;Marla;4;w;1
CW;Jona;4;m;1
CW;Martha;4;w;1
CW;Julien;4;m;1
CW;Naomi;4;w;1
CW;Juri;4;m;1
CW;Nisa;4;w;1
CW;Karim;4;m;1
CW;Ronja;4;w;1
CW;Laith;4;m;1
CW;Rosalie;4;w;1
CW;Leonas;4;m;1
CW;Ruth;4;w;1
CW;Lian;4;m;1
CW;Selma;4;w;1
CW;Lionel;4;m;1
CW;Tala;4;w;1
CW;Magnus;4;m;1
CW;Yade;4;w;1
CW;Marlon;4;m;1
CW;Mehmet;4;m;1
CW;Milo;4;m;1
CW;Muhammad;4;m;1
CW;Muhammed;4;m;1
CW;Nikita;4;m;1
CW;Ole;4;m;1
CW;Pepe;4;m;1
CW;Rayan;4;m;1
CW;Richard;4;m;1
CW;Robin;4;m;1
CW;Salih;4;m;1
CW;Thiago;4;m;1
CW;Viktor;4;m;1
CW;Yasin;4;m;1
CW;Yunis;4;m;1
CW;Yunus;4;m;1
CW;Maria;3;w;4
CW;Jonathan;3;m;3
CW;Alexandra;3;w;3
CW;Maximilian;3;m;3
CW;Angelika;3;w;3
CW;Mohamed;3;m;3
CW;Charlotte;3;w;3
CW;Wilhelm;3;m;3
CW;Emma;3;w;3
CW;Helene;3;w;3
CW;Katharina;3;w;3
CW;Luisa;3;w;3
CW;Olivia;3;w;3
CW;Renate;3;w;3
CW;Annemarie;3;w;2
CW;Anouk;3;w;2
CW;Carina;3;w;2
CW;Christina;3;w;2
CW;Edith;3;w;2
CW;Elif;3;w;2
CW;Eva;3;w;2
CW;Felicitas;3;w;2
CW;Feline;3;w;2
CW;Franziska;3;w;2
CW;Friederike;3;w;2
CW;Greta;3;w;2
CW;Hanna;3;w;2
CW;Iman;3;w;2
CW;Jasmin;3;w;2
CW;Josefine;3;w;2
CW;Juliane;3;w;2
CW;Kristina;3;w;2
CW;Liya;3;w;2
CW;Aaron;3;m;2
CW;Lotte;3;w;2
CW;Aslan;3;m;2
CW;Louisa;3;w;2
CW;Benedikt;3;m;2
CW;Mai;3;w;2
CW;Daniel;3;m;2
CW;Malia;3;w;2
CW;Dominik;3;m;2
CW;Malin;3;w;2
CW;Efe;3;m;2
CW;Malou;3;w;2
CW;Elia;3;m;2
CW;Margarete;3;w;2
CW;Emilio;3;m;2
CW;Margarethe;3;w;2
CW;Federico;3;m;2
CW;Marleen;3;w;2
CW;Frank;3;m;2
CW;Naz;3;w;2
CW;George;3;m;2
CW;Nur;3;w;2
CW;Gustav;3;m;2
CW;Paula;3;w;2
CW;Hamza;3;m;2
CW;Rahel;3;w;2
CW;Hans;3;m;2
CW;Rita;3;w;2
CW;Jacob;3;m;2
CW;Rose;3;w;2
CW;Jean;3;m;2
CW;Ruth;3;w;2
CW;Joel;3;m;2
CW;Sofia;3;w;2
CW;Konrad;3;m;2
CW;Teresa;3;w;2
CW;Leo;3;m;2
CW;Viola;3;w;2
CW;Magnus;3;m;2
CW;Yael;3;w;2
CW;Manuel;3;m;2
CW;Mateo;3;m;2
CW;Matti;3;m;2
CW;Maurice;3;m;2
CW;Michel;3;m;2
CW;Moussa;3;m;2
CW;Muhammed;3;m;2
CW;Nicolas;3;m;2
CW;Nikita;3;m;2
CW;Noel;3;m;2
CW;Oscar;3;m;2
CW;Oskar;3;m;2
CW;Pepe;3;m;2
CW;Phillip;3;m;2
CW;Rafael;3;m;2
CW;Raphael;3;m;2
CW;Santiago;3;m;2
CW;Simon;3;m;2
CW;Stefan;3;m;2
CW;Tobias;3;m;2
CW;Aino;3;w;1
CW;Alissa;3;w;1
CW;Amira;3;w;1
CW;Anastasia;3;w;1
CW;Ariella;3;w;1
CW;Aurora;3;w;1
CW;Avelina;3;w;1
CW;Aylin;3;w;1
CW;Celia;3;w;1
CW;Cora;3;w;1
CW;Daniela;3;w;1
CW;Diana;3;w;1
CW;Dunya;3;w;1
CW;Elise;3;w;1
CW;Elli;3;w;1
CW;Emilija;3;w;1
CW;Ena;3;w;1
CW;Alan;3;m;1
CW;Evelyn;3;w;1
CW;Andreas;3;m;1
CW;Felicitas;3;w;1
CW;Arel;3;m;1
CW;Fine;3;w;1
CW;Armin;3;m;1
CW;Florentina;3;w;1
CW;Aslan;3;m;1
CW;Hala;3;w;1
CW;Azad;3;m;1
CW;Hazal;3;w;1
CW;Aziz;3;m;1
CW;Hedda;3;w;1
CW;Baran;3;m;1
CW;Inga;3;w;1
CW;Bastian;3;m;1
CW;Isabelle;3;w;1
CW;Batuhan;3;m;1
CW;Ivy;3;w;1
CW;Benedikt;3;m;1
CW;Jana;3;w;1
CW;Charles;3;m;1
CW;Jette;3;w;1
CW;Clemens;3;m;1
CW;Juli;3;w;1
CW;Collin;3;m;1
CW;Kamilla;3;w;1
CW;Cornelius;3;m;1
CW;Karlotta;3;w;1
CW;Cosmo;3;m;1
CW;Larin;3;w;1
CW;Damian;3;m;1
CW;Layla;3;w;1
CW;Damián;3;m;1
CW;Lene;3;w;1
CW;Darian;3;m;1
CW;Lilia;3;w;1
CW;Dennis;3;m;1
CW;Linda;3;w;1
CW;Edis;3;m;1
CW;Lisa;3;w;1
CW;Efe;3;m;1
CW;Liva;3;w;1
CW;Elliot;3;m;1
CW;Lou;3;w;1
CW;Emre;3;m;1
CW;Luana;3;w;1
CW;Eric;3;m;1
CW;Lucija;3;w;1
CW;Henning;3;m;1
CW;Lucy;3;w;1
CW;Ibrahim;3;m;1
CW;Lydia;3;w;1
CW;Idris;3;m;1
CW;Malia;3;w;1
CW;Ilian;3;m;1
CW;Malin;3;w;1
CW;Ioannis;3;m;1
CW;Mariam;3;w;1
CW;John;3;m;1
CW;Maryam;3;w;1
CW;Jonte;3;m;1
CW;Matea;3;w;1
CW;Josef;3;m;1
CW;Mathilde;3;w;1
CW;Lasse;3;m;1
CW;Medina;3;w;1
CW;Leandro;3;m;1
CW;Melek;3;w;1
CW;Lennox;3;m;1
CW;Melina;3;w;1
CW;Leonidas;3;m;1
CW;Mika;3;w;1
CW;Lias;3;m;1
CW;Milana;3;w;1
CW;Lorenz;3;m;1
CW;Milla;3;w;1
CW;Lucio;3;m;1
CW;Miriam;3;w;1
CW;Luke;3;m;1
CW;Natalie;3;w;1
CW;Mahir;3;m;1
CW;Nila;3;w;1
CW;Mark;3;m;1
CW;Philippa;3;w;1
CW;Martin;3;m;1
CW;Selin;3;w;1
CW;Matti;3;m;1
CW;Sienna;3;w;1
CW;Mert;3;m;1
CW;Smilla;3;w;1
CW;Mikail;3;m;1
CW;Talia;3;w;1
CW;Mohamed;3;m;1
CW;Thalia;3;w;1
CW;Moses;3;m;1
CW;Toni;3;w;1
CW;Niko;3;m;1
CW;Wilma;3;w;1
CW;Nikolas;3;m;1
CW;Yael;3;w;1
CW;Nino;3;m;1
CW;Yuna;3;w;1
CW;Noa;3;m;1
CW;Zehra;3;w;1
CW;Philip;3;m;1
CW;Zeynep;3;w;1
CW;Sam;3;m;1
CW;Sebastian;3;m;1
CW;Selim;3;m;1
CW;Silas;3;m;1
CW;Stefan;3;m;1
CW;Teo;3;m;1
CW;Thies;3;m;1
CW;Til;3;m;1
CW;Tyler;3;m;1
CW;Valentino;3;m;1
CW;Yassin;3;m;1
CW;Younis;3;m;1
CW;Youssef;3;m;1
CW;Yusuf;3;m;1
CW;August;2;m;4
CW;Charlotte;2;w;4
CW;Ahmed;2;m;3
CW;André;2;m;3
CW;Anh;2;m;3
CW;Arno;2;m;3
CW;Bosse;2;m;3
CW;Christian;2;m;3
CW;Anh;2;w;3
CW;Gerhard;2;m;3
CW;Anna;2;w;3
CW;Henry;2;m;3
CW;Annemarie;2;w;3
CW;Immanuel;2;m;3
CW;Antonia;2;w;3
CW;Jakob;2;m;3
CW;Barbara;2;w;3
CW;Johannes;2;m;3
CW;Christel;2;w;3
CW;Julius;2;m;3
CW;Clara;2;w;3
CW;Leopold;2;m;3
CW;Dorothea;2;w;3
CW;Martin;2;m;3
CW;Erika;2;w;3
CW;Milan;2;m;3
CW;Freya;2;w;3
CW;Moritz;2;m;3
CW;Grace;2;w;3
CW;Otto;2;m;3
CW;Heidi;2;w;3
CW;oğlu;2;m;3
CW;Inge;2;w;3
CW;Peter;2;m;3
CW;Josefine;2;w;3
CW;Rocco;2;m;3
CW;Leonore;2;w;3
CW;Stefan;2;m;3
CW;Linh;2;w;3
CW;Subhi;2;m;3
CW;Louise;2;w;3
CW;Valentin;2;m;3
CW;Madeleine;2;w;3
CW;Walter;2;m;3
CW;Pauline;2;w;3
CW;Ruth;2;w;3
CW;Sabine;2;w;3
CW;Valentina;2;w;3
CW;Victoria;2;w;3
CW;Viktoria;2;w;3
CW;Alessia;2;w;2
CW;Alice;2;w;2
CW;Anja;2;w;2
CW;Annabelle;2;w;2
CW;Aurelia;2;w;2
CW;Azra;2;w;2
CW;Belen;2;w;2
CW;Carla;2;w;2
CW;Ceylin;2;w;2
CW;Charlotta;2;w;2
CW;Christa;2;w;2
CW;Christin;2;w;2
CW;Claire;2;w;2
CW;Cosima;2;w;2
CW;Cécilia;2;w;2
CW;Danilovna;2;w;2
CW;Diana;2;w;2
CW;Dmytrivna;2;w;2
CW;Dora;2;w;2
CW;Elea;2;w;2
CW;Abdulkarim;2;m;2
CW;Elin;2;w;2
CW;Adrian;2;m;2
CW;Elli;2;w;2
CW;Ahmad;2;m;2
CW;Elmas;2;w;2
CW;Ahmed;2;m;2
CW;Emily;2;w;2
CW;Ahmet;2;m;2
CW;Erika;2;w;2
CW;Alfred;2;m;2
CW;Esther;2;w;2
CW;Alim;2;m;2
CW;Fiona;2;w;2
CW;Anthony;2;m;2
CW;Flora;2;w;2
CW;Antonin;2;m;2
CW;Florentine;2;w;2
CW;Aras;2;m;2
CW;Frida;2;w;2
CW;Arnold;2;m;2
CW;Gina;2;w;2
CW;Arved;2;m;2
CW;Grace;2;w;2
CW;Asaf;2;m;2
CW;Heather;2;w;2
CW;Aziz;2;m;2
CW;Henriette;2;w;2
CW;Boris;2;m;2
CW;Inge;2;w;2
CW;Carlo;2;m;2
CW;Ingrid;2;w;2
CW;Charlie;2;m;2
CW;Irena;2;w;2
CW;Christopher;2;m;2
CW;Irene;2;w;2
CW;Dean;2;m;2
CW;Irma;2;w;2
CW;Deniz;2;m;2
CW;Isabell;2;w;2
CW;Edgar;2;m;2
CW;Jane;2;w;2
CW;Edward;2;m;2
CW;Julia;2;w;2
CW;Eliah;2;m;2
CW;Julie;2;w;2
CW;Elliot;2;m;2
CW;Lee;2;w;2
CW;Emin;2;m;2
CW;Leonie;2;w;2
CW;Emmanuel;2;m;2
CW;Linnea;2;w;2
CW;Emrah;2;m;2
CW;Liva;2;w;2
CW;Eray;2;m;2
CW;Lucie;2;w;2
CW;Ernst;2;m;2
CW;Lynn;2;w;2
CW;Fabio;2;m;2
CW;Madita;2;w;2
CW;Fiete;2;m;2
CW;Manon;2;w;2
CW;Florian;2;m;2
CW;Manuela;2;w;2
CW;Francesco;2;m;2
CW;Margot;2;w;2
CW;Frederic;2;m;2
CW;Marieke;2;w;2
CW;Frederick;2;m;2
CW;Marija;2;w;2
CW;Fredrik;2;m;2
CW;Marina;2;w;2
CW;Fridolin;2;m;2
CW;Marit;2;w;2
CW;Gerhard;2;m;2
CW;Marlen;2;w;2
CW;Guido;2;m;2
CW;Martina;2;w;2
CW;Hendrik;2;m;2
CW;Mavi;2;w;2
CW;Hüseyin;2;m;2
CW;Melek;2;w;2
CW;Ibrahim;2;m;2
CW;Merle;2;w;2
CW;Ilias;2;m;2
CW;Meta;2;w;2
CW;İlyas;2;m;2
CW;Michelle;2;w;2
CW;Jakub;2;m;2
CW;Mika;2;w;2
CW;Jaro;2;m;2
CW;Milena;2;w;2
CW;Jonah;2;m;2
CW;Milou;2;w;2
CW;Jonte;2;m;2
CW;Minerva;2;w;2
CW;José;2;m;2
CW;Minou;2;w;2
CW;Junior;2;m;2
CW;Minu;2;w;2
CW;Justus;2;m;2
CW;Nele;2;w;2
CW;Kaan;2;m;2
CW;Nia;2;w;2
CW;Kamil;2;m;2
CW;Nisa;2;w;2
CW;Karsten;2;m;2
CW;Nora;2;w;2
CW;Kurt;2;m;2
CW;Nour;2;w;2
CW;Lasse;2;m;2
CW;Ottilie;2;w;2
CW;Leander;2;m;2
CW;Patricia;2;w;2
CW;Lenz;2;m;2
CW;Philine;2;w;2
CW;Leon;2;m;2
CW;Philippa;2;w;2
CW;Leonidas;2;m;2
CW;Rachel;2;w;2
CW;Lewis;2;m;2
CW;Ronja;2;w;2
CW;Lorenz;2;m;2
CW;Rosemarie;2;w;2
CW;Lucas;2;m;2
CW;Ruby;2;w;2
CW;Ludwig;2;m;2
CW;Sena;2;w;2
CW;Lunis;2;m;2
CW;Sergeevna;2;w;2
CW;Maarten;2;m;2
CW;Soraya;2;w;2
CW;Marco;2;m;2
CW;Thea;2;w;2
CW;Marek;2;m;2
CW;Theres;2;w;2
CW;Markus;2;m;2
CW;Wilhelmine;2;w;2
CW;Maximillian;2;m;2
CW;Yade;2;w;2
CW;Miguel;2;m;2
CW;Zoey;2;w;2
CW;Momo;2;m;2
CW;Moritz;2;m;2
CW;Mustafa;2;m;2
CW;Nicholas;2;m;2
CW;Nikolaus;2;m;2
CW;Nils;2;m;2
CW;Olaf;2;m;2
CW;Oleksandrovič;2;m;2
CW;Pablo;2;m;2
CW;Pavlovič;2;m;2
CW;Philip;2;m;2
CW;Ricardo;2;m;2
CW;Richard;2;m;2
CW;Robin;2;m;2
CW;Ruben;2;m;2
CW;Rudolf;2;m;2
CW;Taha;2;m;2
CW;Theo;2;m;2
CW;Thore;2;m;2
CW;Titus;2;m;2
CW;Vincent;2;m;2
CW;Vitus;2;m;2
CW;Willi;2;m;2
CW;Yahya;2;m;2
CW;Yasin;2;m;2
CW;Yul;2;m;2
CW;Ömer;2;m;2
CW;Adele;2;w;1
CW;Aimée;2;w;1
CW;Aleyna;2;w;1
CW;Alicja;2;w;1
CW;Amalie;2;w;1
CW;Amy;2;w;1
CW;Anabelle;2;w;1
CW;Angela;2;w;1
CW;Anisa;2;w;1
CW;Anja;2;w;1
CW;Arin;2;w;1
CW;Asja;2;w;1
CW;Bella;2;w;1
CW;Bianca;2;w;1
CW;Abdullah;2;m;1
CW;Caroline;2;w;1
CW;Adnan;2;m;1
CW;Cecilia;2;w;1
CW;Advik;2;m;1
CW;Celina;2;w;1
CW;Ahmed;2;m;1
CW;Chiara;2;w;1
CW;Alec;2;m;1
CW;Chloé;2;w;1
CW;Aleksandar;2;m;1
CW;Clementine;2;w;1
CW;Alen;2;m;1
CW;Cleo;2;w;1
CW;Alessio;2;m;1
CW;Dalia;2;w;1
CW;Alexandros;2;m;1
CW;Dana;2;w;1
CW;Alparslan;2;m;1
CW;Eleanor;2;w;1
CW;Amin;2;m;1
CW;Elen;2;w;1
CW;Amon;2;m;1
CW;Eleonora;2;w;1
CW;Anatol;2;m;1
CW;Elida;2;w;1
CW;Antonio;2;m;1
CW;Elina;2;w;1
CW;Antonius;2;m;1
CW;Elizabeth;2;w;1
CW;Aram;2;m;1
CW;Elizan;2;w;1
CW;Aras;2;m;1
CW;Elsa;2;w;1
CW;Ari;2;m;1
CW;Elsbeth;2;w;1
CW;Aris;2;m;1
CW;Emilie;2;w;1
CW;Armia;2;m;1
CW;Enie;2;w;1
CW;Ata;2;m;1
CW;Enna;2;w;1
CW;Avan;2;m;1
CW;Enni;2;w;1
CW;Baldev;2;m;1
CW;Erika;2;w;1
CW;Bariş;2;m;1
CW;Eve;2;w;1
CW;Caio;2;m;1
CW;Evin;2;w;1
CW;Carlo;2;m;1
CW;Fatima;2;w;1
CW;Carlos;2;m;1
CW;Felina;2;w;1
CW;Cesur;2;m;1
CW;Florentine;2;w;1
CW;Christian;2;m;1
CW;Freya;2;w;1
CW;Christopher;2;m;1
CW;Frieda;2;w;1
CW;Devin;2;m;1
CW;Fritzi;2;w;1
CW;Devran;2;m;1
CW;Hailey;2;w;1
CW;Ediz;2;m;1
CW;Hana;2;w;1
CW;Edwin;2;m;1
CW;Harriet;2;w;1
CW;Elia;2;m;1
CW;Hazel;2;w;1
CW;Enes;2;m;1
CW;Hedi;2;w;1
CW;Eray;2;m;1
CW;Hilal;2;w;1
CW;Fabian;2;m;1
CW;Hilde;2;w;1
CW;Fiete;2;m;1
CW;Iman;2;w;1
CW;Filip;2;m;1
CW;Isabell;2;w;1
CW;Filipp;2;m;1
CW;Jara;2;w;1
CW;Finnley;2;m;1
CW;Jeanne;2;w;1
CW;Francesco;2;m;1
CW;Josefin;2;w;1
CW;Frederic;2;m;1
CW;Jule;2;w;1
CW;Frédéric;2;m;1
CW;Juliana;2;w;1
CW;Fynn;2;m;1
CW;Julie;2;w;1
CW;Hannes;2;m;1
CW;Kalina;2;w;1
CW;Hans;2;m;1
CW;Karla;2;w;1
CW;Haris;2;m;1
CW;Lana;2;w;1
CW;Hasan;2;m;1
CW;Lavin;2;w;1
CW;Ilai;2;m;1
CW;Layal;2;w;1
CW;Ilias;2;m;1
CW;Leen;2;w;1
CW;Isa;2;m;1
CW;Leila;2;w;1
CW;Isaac;2;m;1
CW;Lenia;2;w;1
CW;Ishak;2;m;1
CW;Lenja;2;w;1
CW;Jakov;2;m;1
CW;Lenka;2;w;1
CW;Jamie;2;m;1
CW;Leonora;2;w;1
CW;Jannik;2;m;1
CW;Lijana;2;w;1
CW;Jano;2;m;1
CW;Lilian;2;w;1
CW;Janosch;2;m;1
CW;Linnea;2;w;1
CW;Jaro;2;m;1
CW;Lisbeth;2;w;1
CW;Jayden;2;m;1
CW;Liyana;2;w;1
CW;Jibril;2;m;1
CW;Lore;2;w;1
CW;Joel;2;m;1
CW;Lorena;2;w;1
CW;Junis;2;m;1
CW;Lotta;2;w;1
CW;Kalle;2;m;1
CW;Lua;2;w;1
CW;Karol;2;m;1
CW;Lucía;2;w;1
CW;Keno;2;m;1
CW;Lúcia;2;w;1
CW;Kerem;2;m;1
CW;Maira;2;w;1
CW;Kevin;2;m;1
CW;Maite;2;w;1
CW;Kinan;2;m;1
CW;Malea;2;w;1
CW;Kjell;2;m;1
CW;Malou;2;w;1
CW;Klaas;2;m;1
CW;Marieke;2;w;1
CW;Kolja;2;m;1
CW;Mariella;2;w;1
CW;Konrad;2;m;1
CW;Marisa;2;w;1
CW;Kuzey;2;m;1
CW;Marlena;2;w;1
CW;Lamar;2;m;1
CW;Meliha;2;w;1
CW;Leander;2;m;1
CW;Melisa;2;w;1
CW;Lev;2;m;1
CW;Mija;2;w;1
CW;Lion;2;m;1
CW;Milena;2;w;1
CW;Lorin;2;m;1
CW;Minna;2;w;1
CW;Luan;2;m;1
CW;Mona;2;w;1
CW;Marc;2;m;1
CW;Nala;2;w;1
CW;Marek;2;m;1
CW;Nayla;2;w;1
CW;Mathis;2;m;1
CW;Nell;2;w;1
CW;Melih;2;m;1
CW;Nelly;2;w;1
CW;Mian;2;m;1
CW;Nia;2;w;1
CW;Michael;2;m;1
CW;Nike;2;w;1
CW;Michail;2;m;1
CW;Penelope;2;w;1
CW;Miguel;2;m;1
CW;Philine;2;w;1
CW;Milad;2;m;1
CW;Rania;2;w;1
CW;Milow;2;m;1
CW;Reeva;2;w;1
CW;Minos;2;m;1
CW;Rhea;2;w;1
CW;Miraç;2;m;1
CW;Rieke;2;w;1
CW;Mohammed;2;m;1
CW;Rimi;2;w;1
CW;Mustafa;2;m;1
CW;Rita;2;w;1
CW;Nevio;2;m;1
CW;Rital;2;w;1
CW;Nico;2;m;1
CW;Rubi;2;w;1
CW;Noam;2;m;1
CW;Ruby;2;w;1
CW;Noyan;2;m;1
CW;Samira;2;w;1
CW;Noé;2;m;1
CW;Serra;2;w;1
CW;Onno;2;m;1
CW;Skadi;2;w;1
CW;Patrick;2;m;1
CW;Sonja;2;w;1
CW;Quentin;2;m;1
CW;Soraya;2;w;1
CW;Rafael;2;m;1
CW;Svea;2;w;1
CW;Rian;2;m;1
CW;Tara;2;w;1
CW;Roman;2;m;1
CW;Teodora;2;w;1
CW;Ruben;2;m;1
CW;Tuana;2;w;1
CW;Ryan;2;m;1
CW;Vanessa;2;w;1
CW;Rémy;2;m;1
CW;Viola;2;w;1
CW;Samet;2;m;1
CW;Violetta;2;w;1
CW;Sandro;2;m;1
CW;Vivien;2;w;1
CW;Sascha;2;m;1
CW;Ylvie;2;w;1
CW;Sayed;2;m;1
CW;Zahra;2;w;1
CW;Scott;2;m;1
CW;Zainab;2;w;1
CW;Severin;2;m;1
CW;Zara;2;w;1
CW;Seyit;2;m;1
CW;Ziva;2;w;1
CW;Stanley;2;m;1
CW;Zoey;2;w;1
CW;Taha;2;m;1
CW;Zofia;2;w;1
CW;Tammo;2;m;1
CW;Zola;2;w;1
CW;Thomas;2;m;1
CW;Zoé;2;w;1
CW;Thore;2;m;1
CW;Zoë;2;w;1
CW;Tiago;2;m;1
CW;Timo;2;m;1
CW;Timur;2;m;1
CW;Tony;2;m;1
CW;Victor;2;m;1
CW;Vito;2;m;1
CW;Wyatt;2;m;1
CW;Yakup;2;m;1
CW;Yazan;2;m;1
CW;Yiğit;2;m;1
CW;Zakaria;2;m;1
CW;Zeno;2;m;1
CW;Oscar;1;m;5
CW;Charlotte;1;w;5
CW;Mara;1;w;5
CW;Philippa;1;w;5
CW;Pünktchen;1;w;5
CW;Ali;1;m;4
CW;Antal;1;m;4
CW;Alice;1;w;4
CW;Carin;1;m;4
CW;Anita;1;w;4
CW;Christian;1;m;4
CW;Apollonia;1;w;4
CW;Cito;1;m;4
CW;Aurora;1;w;4
CW;Emanuel;1;m;4
CW;Barbara;1;w;4
CW;Frank;1;m;4
CW;Becker;1;w;4
CW;Henri;1;m;4
CW;Celeste;1;w;4
CW;Kamal;1;m;4
CW;Elizabeth;1;w;4
CW;Otto;1;m;4
CW;Ella;1;w;4
CW;Pepito;1;m;4
CW;Elsa;1;w;4
CW;Raban;1;m;4
CW;Emily;1;w;4
CW;Sergius;1;m;4
CW;Gertrude;1;w;4
CW;Shakur;1;m;4
CW;Johanna;1;w;4
CW;Stephani;1;m;4
CW;Kerstin;1;w;4
CW;Walter;1;m;4
CW;Lee;1;w;4
CW;Wolf;1;m;4
CW;Liddy;1;w;4
CW;Yael;1;m;4
CW;Madeleine;1;w;4
CW;Maja;1;w;4
CW;Neo;1;w;4
CW;Olga;1;w;4
CW;Rama;1;w;4
CW;Renate;1;w;4
CW;Ronja;1;w;4
CW;Silvia;1;w;4
CW;Sonja;1;w;4
CW;Sophie;1;w;4
CW;Sylvia;1;w;4
CW;Vesta;1;w;4
CW;;1;m;3
CW;Abdeen;1;m;3
CW;Abdulaziz;1;m;3
CW;Ado;1;m;3
CW;Adrian;1;m;3
CW;Afonso;1;m;3
CW;Abdulhaq;1;w;3
CW;Albert;1;m;3
CW;Adaeze;1;w;3
CW;Albrecht;1;m;3
CW;Ali;1;w;3
CW;Alessio;1;m;3
CW;Aline;1;w;3
CW;Alfred;1;m;3
CW;Alva;1;w;3
CW;Ali;1;m;3
CW;Andrea;1;w;3
CW;Aliakseievič;1;m;3
CW;Andreevna;1;w;3
CW;Amar;1;m;3
CW;Anita;1;w;3
CW;Andreas;1;m;3
CW;Anjelle;1;w;3
CW;Andrej;1;m;3
CW;Annabell;1;w;3
CW;Andrey;1;m;3
CW;Annabella;1;w;3
CW;Anton;1;m;3
CW;Annelie;1;w;3
CW;Anuk;1;m;3
CW;Annelott;1;w;3
CW;Apollo;1;m;3
CW;Anouk;1;w;3
CW;Appau;1;m;3
CW;Antoinette;1;w;3
CW;Artur;1;m;3
CW;Antonie;1;w;3
CW;Ashour;1;m;3
CW;Artemis;1;w;3
CW;August;1;m;3
CW;Ashtiwi;1;w;3
CW;Awadh;1;m;3
CW;Augusta;1;w;3
CW;Azar;1;m;3
CW;Auguste;1;w;3
CW;Baldur;1;m;3
CW;Avery;1;w;3
CW;Bao;1;m;3
CW;Ayşe;1;w;3
CW;Baptiste;1;m;3
CW;Azul;1;w;3
CW;Barbarino;1;m;3
CW;Beatrix;1;w;3
CW;Bay;1;m;3
CW;Bertha;1;w;3
CW;Bela;1;m;3
CW;Brunhild;1;w;3
CW;Bencke;1;m;3
CW;Buchholz;1;w;3
CW;Benedikt;1;m;3
CW;Carmina;1;w;3
CW;Bernard;1;m;3
CW;Caroline;1;w;3
CW;Bernhard;1;m;3
CW;Chen;1;w;3
CW;Bo;1;m;3
CW;Chisara;1;w;3
CW;Bruno;1;m;3
CW;Chloé;1;w;3
CW;Bryan;1;m;3
CW;Christina;1;w;3
CW;Brynjar;1;m;3
CW;Christine;1;w;3
CW;Burghard;1;m;3
CW;Clementina;1;w;3
CW;Casimir;1;m;3
CW;Clementine;1;w;3
CW;Caspar;1;m;3
CW;Coco;1;w;3
CW;Charles;1;m;3
CW;Cornelia;1;w;3
CW;Ciel;1;m;3
CW;Désirée;1;w;3
CW;Claus;1;m;3
CW;Edith;1;w;3
CW;Constantine;1;m;3
CW;Eileen;1;w;3
CW;Daniel;1;m;3
CW;Elenora;1;w;3
CW;David;1;m;3
CW;Elisa;1;w;3
CW;Dennis;1;m;3
CW;Elke;1;w;3
CW;Didier;1;m;3
CW;Elmira;1;w;3
CW;Eckard;1;m;3
CW;Emmi;1;w;3
CW;Elias;1;m;3
CW;Ernestine;1;w;3
CW;Ellis;1;m;3
CW;Evelien;1;w;3
CW;Elon;1;m;3
CW;Evelyn;1;w;3
CW;Elyas;1;m;3
CW;Filippa;1;w;3
CW;Emilio;1;m;3
CW;Flavia;1;w;3
CW;Erik;1;m;3
CW;Francesca;1;w;3
CW;Espen;1;m;3
CW;Genoveva;1;w;3
CW;Fanch;1;m;3
CW;Gerda;1;w;3
CW;Florentin;1;m;3
CW;Gerdi;1;w;3
CW;Francis;1;m;3
CW;Germana;1;w;3
CW;Frank;1;m;3
CW;Gertraud;1;w;3
CW;Fred;1;m;3
CW;Graça;1;w;3
CW;Frederic;1;m;3
CW;Gül;1;w;3
CW;Friedrich;1;m;3
CW;Han;1;w;3
CW;Fritz;1;m;3
CW;Hanim;1;w;3
CW;Frédéric;1;m;3
CW;Hedwig;1;w;3
CW;Gabriel;1;m;3
CW;Heike;1;w;3
CW;George;1;m;3
CW;Helga;1;w;3
CW;Ghazi;1;m;3
CW;Hella;1;w;3
CW;Gogi;1;m;3
CW;Hilde;1;w;3
CW;Günter;1;m;3
CW;Hildegard;1;w;3
CW;Hadrien;1;m;3
CW;Hussein;1;w;3
CW;Hans;1;m;3
CW;Illa;1;w;3
CW;Hari;1;m;3
CW;Imose;1;w;3
CW;Harry;1;m;3
CW;Indra;1;w;3
CW;Helmut;1;m;3
CW;Ingeborg;1;w;3
CW;Helmut-Thor;1;m;3
CW;Irie;1;w;3
CW;Henri;1;m;3
CW;Isabel;1;w;3
CW;Hieronymus;1;m;3
CW;Isabella;1;w;3
CW;Hneesh;1;m;3
CW;Isabelle;1;w;3
CW;Ho;1;m;3
CW;Jamel;1;w;3
CW;Hugo;1;m;3
CW;Janthalee;1;w;3
CW;Hyazinth;1;m;3
CW;Jaqueline;1;w;3
CW;Igor;1;m;3
CW;Jenny;1;w;3
CW;Ilay;1;m;3
CW;Joana;1;w;3
CW;Inti;1;m;3
CW;Johanna;1;w;3
CW;Jacob;1;m;3
CW;Josefa;1;w;3
CW;James;1;m;3
CW;Josephine;1;w;3
CW;Jeremiah;1;m;3
CW;Jutta;1;w;3
CW;Joel;1;m;3
CW;Kianga;1;w;3
CW;Johann;1;m;3
CW;Kim;1;w;3
CW;Josef;1;m;3
CW;Kristin;1;w;3
CW;Jürgen;1;m;3
CW;Kyoko;1;w;3
CW;Kahsay;1;m;3
CW;Käthe;1;w;3
CW;Kai;1;m;3
CW;Leilani;1;w;3
CW;Kailas;1;m;3
CW;Lena;1;w;3
CW;Karl;1;m;3
CW;Leni;1;w;3
CW;Karol;1;m;3
CW;Leonie;1;w;3
CW;Khaled;1;m;3
CW;Lieser;1;w;3
CW;Khalid;1;m;3
CW;Liisa;1;w;3
CW;Khan;1;m;3
CW;Lilian;1;w;3
CW;Klaus;1;m;3
CW;Lisa;1;w;3
CW;Konrad;1;m;3
CW;Lorraine;1;w;3
CW;Koray;1;m;3
CW;Lou;1;w;3
CW;Kurt;1;m;3
CW;Louisa;1;w;3
CW;Leander;1;m;3
CW;Luca;1;w;3
CW;Leonard;1;m;3
CW;Lucia;1;w;3
CW;Leonhard;1;m;3
CW;Luise;1;w;3
CW;Lewin;1;m;3
CW;Luke;1;w;3
CW;Lewis;1;m;3
CW;Mabiiho;1;w;3
CW;Lin;1;m;3
CW;Madhuri;1;w;3
CW;Liun;1;m;3
CW;Mae;1;w;3
CW;Louie;1;m;3
CW;Magdalene;1;w;3
CW;Louis;1;m;3
CW;Malaya;1;w;3
CW;Luca;1;m;3
CW;Man;1;w;3
CW;Ludger;1;m;3
CW;Margarete;1;w;3
CW;Lutz;1;m;3
CW;Margit;1;w;3
CW;Magnus;1;m;3
CW;Margitta;1;w;3
CW;Mahdi;1;m;3
CW;Marieke;1;w;3
CW;Marco;1;m;3
CW;Marlena;1;w;3
CW;Marvin;1;m;3
CW;Marlene;1;w;3
CW;Massimo;1;m;3
CW;Marta;1;w;3
CW;Matteo;1;m;3
CW;Martha;1;w;3
CW;Matthias;1;m;3
CW;Mathilda;1;w;3
CW;Matthieu;1;m;3
CW;Mechthild;1;w;3
CW;Meano;1;m;3
CW;Melanie;1;w;3
CW;Merlin;1;m;3
CW;Melika;1;w;3
CW;Michael;1;m;3
CW;Milla;1;w;3
CW;Miguel;1;m;3
CW;Mira;1;w;3
CW;Minh;1;m;3
CW;Mohamed;1;w;3
CW;Mohamad;1;m;3
CW;Mohammed;1;w;3
CW;Mohideen;1;m;3
CW;Moradeke;1;w;3
CW;Moses;1;m;3
CW;Muguluvila;1;w;3
CW;Moustafa;1;m;3
CW;Nadia;1;w;3
CW;Muhammed;1;m;3
CW;Nadine;1;w;3
CW;N'cho;1;m;3
CW;Nairievna;1;w;3
CW;Nicolas;1;m;3
CW;Naomi;1;w;3
CW;Nihat;1;m;3
CW;Nelia;1;w;3
CW;Niko;1;m;3
CW;Nelisha;1;w;3
CW;Nikolai;1;m;3
CW;Neuhaus;1;w;3
CW;Nivan;1;m;3
CW;Ngoc;1;w;3
CW;Odynatós;1;m;3
CW;Nora;1;w;3
CW;Oliver;1;m;3
CW;Omar;1;w;3
CW;Oskar;1;m;3
CW;Pascarella;1;w;3
CW;Oswald;1;m;3
CW;qizi;1;w;3
CW;Ottmar;1;m;3
CW;Rahel;1;w;3
CW;Paraskhiv;1;m;3
CW;Ramida;1;w;3
CW;Peplo;1;m;3
CW;Raphaële;1;w;3
CW;Philippe;1;m;3
CW;Ricarda;1;w;3
CW;Piero;1;m;3
CW;Rita;1;w;3
CW;Richard;1;m;3
CW;Root;1;w;3
CW;Rio;1;m;3
CW;Rosalia;1;w;3
CW;Robert;1;m;3
CW;Rosalie;1;w;3
CW;Robin;1;m;3
CW;Rose;1;w;3
CW;Rodolfo;1;m;3
CW;Rose-Marie;1;w;3
CW;Roger;1;m;3
CW;Rosemarie;1;w;3
CW;Rudolf;1;m;3
CW;Samar;1;w;3
CW;Saim;1;m;3
CW;Shanti;1;w;3
CW;Saleh;1;m;3
CW;Siegrid;1;w;3
CW;Sam-Kit;1;m;3
CW;Sofia;1;w;3
CW;Severin;1;m;3
CW;Sofya;1;w;3
CW;Siegfried;1;m;3
CW;Sophia;1;w;3
CW;Silvester;1;m;3
CW;Stefanova;1;w;3
CW;Suleyman;1;m;3
CW;Susanne;1;w;3
CW;Sven;1;m;3
CW;Sylvia;1;w;3
CW;Teuvo;1;m;3
CW;Sædís;1;w;3
CW;Theo;1;m;3
CW;Thea;1;w;3
CW;Theodor;1;m;3
CW;Trang;1;w;3
CW;Thien;1;m;3
CW;Ugo;1;w;3
CW;Théo;1;m;3
CW;Ulrike;1;w;3
CW;Timothy;1;m;3
CW;Vallerie;1;w;3
CW;Titus;1;m;3
CW;Wilhelmina;1;w;3
CW;Tomasz;1;m;3
CW;Willow;1;w;3
CW;Urie;1;m;3
CW;Yamina;1;w;3
CW;Uwe;1;m;3
CW;Yan;1;w;3
CW;Wernfried;1;m;3
CW;Yvonne;1;w;3
CW;William;1;m;3
CW;Zita;1;w;3
CW;Wilson;1;m;3
CW;Zoë;1;w;3
CW;Wolfgang;1;m;3
CW;Yahir;1;m;3
CW;Yosuf;1;m;3
CW;Young;1;m;3
CW;Yu;1;m;3
CW;Yuval;1;m;3
CW;Zsolt;1;m;3
CW;Aaliyah;1;w;2
CW;Abdulhafid;1;w;2
CW;Abdulrahman;1;w;2
CW;Ada;1;w;2
CW;Adalind;1;w;2
CW;Adelani;1;w;2
CW;Adelina;1;w;2
CW;Aderokun;1;w;2
CW;Adriana;1;w;2
CW;Aemilia;1;w;2
CW;Aggeliki;1;w;2
CW;Akoua;1;w;2
CW;Akua;1;w;2
CW;Alana;1;w;2
CW;Alegra;1;w;2
CW;Alek;1;w;2
CW;Aleksandrova;1;w;2
CW;Aleksandrovna;1;w;2
CW;Alexia;1;w;2
CW;Alexis;1;w;2
CW;Aleyna;1;w;2
CW;Alia;1;w;2
CW;Alicja;1;w;2
CW;Alina;1;w;2
CW;Aline;1;w;2
CW;Alisa;1;w;2
CW;Alisha;1;w;2
CW;Abbas;1;m;2
CW;Alissa;1;w;2
CW;Abdallah;1;m;2
CW;Aliya;1;w;2
CW;Abdellah;1;m;2
CW;Allegra;1;w;2
CW;Abdussalam;1;m;2
CW;Alva;1;w;2
CW;Abeiku;1;m;2
CW;Alya;1;w;2
CW;Abraham;1;m;2
CW;Ama;1;w;2
CW;Adam;1;m;2
CW;Amadea;1;w;2
CW;Addo;1;m;2
CW;Amal;1;w;2
CW;Adrijan;1;m;2
CW;Amalie;1;w;2
CW;Aemilius;1;m;2
CW;Amani;1;w;2
CW;Afonso;1;m;2
CW;Amara;1;w;2
CW;Ahmedov;1;m;2
CW;Amelia;1;w;2
CW;Aiden;1;m;2
CW;Ameliana;1;w;2
CW;Akay;1;m;2
CW;Amerlangui;1;w;2
CW;Akhil;1;m;2
CW;Amina;1;w;2
CW;Akif;1;m;2
CW;Amira;1;w;2
CW;Al;1;m;2
CW;Amália;1;w;2
CW;Al-Tayyib;1;m;2
CW;Anabell;1;w;2
CW;Aldeen;1;m;2
CW;Anabella;1;w;2
CW;Aled;1;m;2
CW;Anastasia;1;w;2
CW;Aleksandar;1;m;2
CW;Ancelline;1;w;2
CW;Alexandre;1;m;2
CW;Andra;1;w;2
CW;Alexandrovič;1;m;2
CW;Anelia;1;w;2
CW;Alfons;1;m;2
CW;Angelina;1;w;2
CW;Alfonso;1;m;2
CW;Anh;1;w;2
CW;Aljosha;1;m;2
CW;Aniela;1;w;2
CW;Allsop;1;m;2
CW;Anisha;1;w;2
CW;Almabrok;1;m;2
CW;Anita;1;w;2
CW;Alp;1;m;2
CW;Anjell;1;w;2
CW;Alvar;1;m;2
CW;Ann;1;w;2
CW;Alvi;1;m;2
CW;Annalena;1;w;2
CW;Amadeus;1;m;2
CW;Annalies;1;w;2
CW;Amar;1;m;2
CW;Anne;1;w;2
CW;Amarou;1;m;2
CW;Annelie;1;w;2
CW;Amaury;1;m;2
CW;Anneliese;1;w;2
CW;Amir;1;m;2
CW;Anni;1;w;2
CW;Ananda;1;m;2
CW;Annika;1;w;2
CW;Andrei;1;m;2
CW;Annmarie;1;w;2
CW;Andrei-Iulian;1;m;2
CW;Anu;1;w;2
CW;Andreias;1;m;2
CW;Aria;1;w;2
CW;Andriiovič;1;m;2
CW;Ariadne;1;w;2
CW;Angel;1;m;2
CW;Arya;1;w;2
CW;Anggi;1;m;2
CW;Ashley;1;w;2
CW;Anselm;1;m;2
CW;Assia;1;w;2
CW;Antoni;1;m;2
CW;Astrid;1;w;2
CW;Antonino;1;m;2
CW;Asya;1;w;2
CW;Antonio;1;m;2
CW;Augusta;1;w;2
CW;Apollo;1;m;2
CW;Aurelie;1;w;2
CW;Arden;1;m;2
CW;Aurora;1;w;2
CW;Argirios;1;m;2
CW;Aurélie;1;w;2
CW;Ari;1;m;2
CW;Autumn;1;w;2
CW;Arie;1;m;2
CW;Aveline;1;w;2
CW;Arieh;1;m;2
CW;Avelynn;1;w;2
CW;Aristide;1;m;2
CW;Awa;1;w;2
CW;Armando;1;m;2
CW;Ayaka;1;w;2
CW;Armanovič;1;m;2
CW;Ayla;1;w;2
CW;Armin;1;m;2
CW;Aylia;1;w;2
CW;Arne;1;m;2
CW;Barbara;1;w;2
CW;Arno;1;m;2
CW;Baya;1;w;2
CW;Artemovič;1;m;2
CW;Bea;1;w;2
CW;Arvid;1;m;2
CW;Beate;1;w;2
CW;Asante;1;m;2
CW;Belkis;1;w;2
CW;Asanté;1;m;2
CW;Bella;1;w;2
CW;Attila;1;m;2
CW;Benita;1;w;2
CW;Avery;1;m;2
CW;Bentje;1;w;2
CW;Avshalom;1;m;2
CW;Berapi;1;w;2
CW;Awuah;1;m;2
CW;Berenice;1;w;2
CW;Axel;1;m;2
CW;Bettina;1;w;2
CW;Ayaan;1;m;2
CW;Bex;1;w;2
CW;Ayan;1;m;2
CW;Beyhan;1;w;2
CW;Bahanyi;1;m;2
CW;Bianca;1;w;2
CW;Balthasar;1;m;2
CW;Bo;1;w;2
CW;Banye;1;m;2
CW;Bogna;1;w;2
CW;Barış;1;m;2
CW;Bonnie;1;w;2
CW;Bartholomäus;1;m;2
CW;Borisova;1;w;2
CW;Basel;1;m;2
CW;Bozhankeva;1;w;2
CW;Bastian;1;m;2
CW;Bruni;1;w;2
CW;Batman;1;m;2
CW;Camille;1;w;2
CW;Bato;1;m;2
CW;Carmen;1;w;2
CW;Benedykt;1;m;2
CW;Cassini;1;w;2
CW;Bengt;1;m;2
CW;Catelynn;1;w;2
CW;Bennet;1;m;2
CW;Catharina;1;w;2
CW;Bennett;1;m;2
CW;Cecilia;1;w;2
CW;Bernhard;1;m;2
CW;Cecilie;1;w;2
CW;Beyhan;1;m;2
CW;Charlsovna;1;w;2
CW;Bijan;1;m;2
CW;Chiamaka;1;w;2
CW;Bilal;1;m;2
CW;Chiara;1;w;2
CW;Billah;1;m;2
CW;Christel;1;w;2
CW;Bin;1;m;2
CW;Christiane;1;w;2
CW;Binh;1;m;2
CW;Chu-Ri;1;w;2
CW;Birk;1;m;2
CW;Ciara;1;w;2
CW;Bjarki;1;m;2
CW;Clarissa;1;w;2
CW;Bjarne;1;m;2
CW;Coralie;1;w;2
CW;Bloom;1;m;2
CW;Cornelia;1;w;2
CW;Bo;1;m;2
CW;Cristal;1;w;2
CW;Boakye-Ansah;1;m;2
CW;da;1;w;2
CW;Bora;1;m;2
CW;Dana;1;w;2
CW;Bowen;1;m;2
CW;Dareen;1;w;2
CW;Boyanov;1;m;2
CW;Denise;1;w;2
CW;Bragi;1;m;2
CW;Dewie;1;w;2
CW;Brahim;1;m;2
CW;Dhawan;1;w;2
CW;Branislau;1;m;2
CW;Dieu;1;w;2
CW;Brisney;1;m;2
CW;Dilcan;1;w;2
CW;Bryan;1;m;2
CW;Dimana;1;w;2
CW;Buda;1;m;2
CW;Dimendra;1;w;2
CW;Caius;1;m;2
CW;Dimitrova;1;w;2
CW;Casimir;1;m;2
CW;Djuna;1;w;2
CW;Castiel;1;m;2
CW;Dmytrievna;1;w;2
CW;Ce;1;m;2
CW;Donata;1;w;2
CW;Celal;1;m;2
CW;Dorea;1;w;2
CW;Cesur;1;m;2
CW;Désirée;1;w;2
CW;Charly;1;m;2
CW;Eda;1;w;2
CW;Chinonso;1;m;2
CW;Edie;1;w;2
CW;Christoffer;1;m;2
CW;Edwina;1;w;2
CW;Christoph;1;m;2
CW;Eke;1;w;2
CW;Christophe;1;m;2
CW;Ela;1;w;2
CW;Clay;1;m;2
CW;Eldarìvna;1;w;2
CW;Cobalt;1;m;2
CW;Eleanor;1;w;2
CW;Columba;1;m;2
CW;Elen;1;w;2
CW;Conrad;1;m;2
CW;Eleonora;1;w;2
CW;Cord;1;m;2
CW;Eleonore;1;w;2
CW;Cornelius;1;m;2
CW;Eleyne;1;w;2
CW;Cuong;1;m;2
CW;Elia;1;w;2
CW;Curt;1;m;2
CW;Eliana;1;w;2
CW;Damian;1;m;2
CW;Elien;1;w;2
CW;Danil;1;m;2
CW;Elikia;1;w;2
CW;Dante;1;m;2
CW;Elina;1;w;2
CW;Dario;1;m;2
CW;Elis;1;w;2
CW;Delano;1;m;2
CW;Elisabeta;1;w;2
CW;Deyiş;1;m;2
CW;Elisabetta;1;w;2
CW;Diallo;1;m;2
CW;Elissa;1;w;2
CW;Dimitrios;1;m;2
CW;Eliz;1;w;2
CW;Dimitrov;1;m;2
CW;Elizabeth;1;w;2
CW;Dmitri;1;m;2
CW;Elle;1;w;2
CW;Domenico;1;m;2
CW;Ellis;1;w;2
CW;Duanne;1;m;2
CW;Elly;1;w;2
CW;Duje;1;m;2
CW;Eloïse;1;w;2
CW;Duong;1;m;2
CW;Elsa;1;w;2
CW;Duy;1;m;2
CW;Else;1;w;2
CW;Edi;1;m;2
CW;Elva;1;w;2
CW;Edim;1;m;2
CW;Emeline;1;w;2
CW;Eduard;1;m;2
CW;Emilya;1;w;2
CW;Ege;1;m;2
CW;Emina;1;w;2
CW;Eldin;1;m;2
CW;Emmy;1;w;2
CW;Elian;1;m;2
CW;Emujin;1;w;2
CW;Elio;1;m;2
CW;Erna;1;w;2
CW;Ellend;1;m;2
CW;Erva;1;w;2
CW;Elliott;1;m;2
CW;Esila;1;w;2
CW;Elmar;1;m;2
CW;Estelle;1;w;2
CW;Emerson;1;m;2
CW;Estrella;1;w;2
CW;Emhemad;1;m;2
CW;Eugenia;1;w;2
CW;Emilias;1;m;2
CW;Evangéline;1;w;2
CW;Emir;1;m;2
CW;Evelyn;1;w;2
CW;Emre;1;m;2
CW;Eyob;1;w;2
CW;Ensar;1;m;2
CW;Fabienne;1;w;2
CW;Enver;1;m;2
CW;Favour;1;w;2
CW;Eren;1;m;2
CW;Faye;1;w;2
CW;Erfan;1;m;2
CW;Felicia;1;w;2
CW;Eric;1;m;2
CW;Fenena;1;w;2
CW;Erol;1;m;2
CW;Fernanda;1;w;2
CW;Ersan;1;m;2
CW;Filomena;1;w;2
CW;Ertuğrul;1;m;2
CW;Florentin;1;w;2
CW;Escuro;1;m;2
CW;Florentina;1;w;2
CW;Essa;1;m;2
CW;Floris;1;w;2
CW;Ethem;1;m;2
CW;Francisca;1;w;2
CW;Etienne;1;m;2
CW;Freya;1;w;2
CW;Eymen;1;m;2
CW;Fritzi;1;w;2
CW;Eyyup;1;m;2
CW;Ga;1;w;2
CW;Ezedien;1;m;2
CW;Gabrielle;1;w;2
CW;Faek;1;m;2
CW;Galdina;1;w;2
CW;Faik;1;m;2
CW;Gamze;1;w;2
CW;Farooq;1;m;2
CW;Geelkea;1;w;2
CW;Faruk;1;m;2
CW;Georgieva;1;w;2
CW;Feim;1;m;2
CW;Ginette;1;w;2
CW;Felipe;1;m;2
CW;Gisela;1;w;2
CW;Feodor;1;m;2
CW;Gloria;1;w;2
CW;Fidel;1;m;2
CW;Gudrun;1;w;2
CW;Fidelius;1;m;2
CW;Günay;1;w;2
CW;Filip;1;m;2
CW;Güzel;1;w;2
CW;Fionn;1;m;2
CW;Gūl;1;w;2
CW;Flynn;1;m;2
CW;Haeri;1;w;2
CW;Francis;1;m;2
CW;Hai;1;w;2
CW;Francisco;1;m;2
CW;Hailey;1;w;2
CW;Frans;1;m;2
CW;Hana;1;w;2
CW;Franziskus;1;m;2
CW;Hao-Yan;1;w;2
CW;Friedemann;1;m;2
CW;Hasret;1;w;2
CW;Frieder;1;m;2
CW;Havva;1;w;2
CW;Friedo;1;m;2
CW;Hayal;1;w;2
CW;Gareth;1;m;2
CW;Hayat;1;w;2
CW;Gerd;1;m;2
CW;Hayki;1;w;2
CW;Gert;1;m;2
CW;Hedija;1;w;2
CW;Gia;1;m;2
CW;Hedwig;1;w;2
CW;Gilbert;1;m;2
CW;Heidi;1;w;2
CW;Gilles;1;m;2
CW;Heidrun;1;w;2
CW;Girsch;1;m;2
CW;Heike;1;w;2
CW;Gottfried;1;m;2
CW;Heinicke;1;w;2
CW;Gravich;1;m;2
CW;Heli;1;w;2
CW;Gregor;1;m;2
CW;Helma;1;w;2
CW;Grigor;1;m;2
CW;Henny;1;w;2
CW;Gyuri;1;m;2
CW;Holly;1;w;2
CW;Göktürk;1;m;2
CW;Hope;1;w;2
CW;Güney;1;m;2
CW;Huitzil;1;w;2
CW;Günter;1;m;2
CW;Huyền;1;w;2
CW;Habib;1;m;2
CW;Hâtun;1;w;2
CW;Hafid;1;m;2
CW;Idel;1;w;2
CW;Halil;1;m;2
CW;Ilayda;1;w;2
CW;Halis;1;m;2
CW;Ilima;1;w;2
CW;Hamit;1;m;2
CW;Ilona;1;w;2
CW;Han;1;m;2
CW;Ilsa;1;w;2
CW;Hannes;1;m;2
CW;Ilse;1;w;2
CW;Hanno;1;m;2
CW;İman;1;w;2
CW;Hao;1;m;2
CW;Imani;1;w;2
CW;Harry;1;m;2
CW;Imogen;1;w;2
CW;Hassan;1;m;2
CW;Inka;1;w;2
CW;Hauke;1;m;2
CW;Inés;1;w;2
CW;Hazir;1;m;2
CW;Irem;1;w;2
CW;Heiko;1;m;2
CW;Irina;1;w;2
CW;Heiner;1;m;2
CW;Irini;1;w;2
CW;Heinrich;1;m;2
CW;Iris;1;w;2
CW;Heinz;1;m;2
CW;Isabelle;1;w;2
CW;Henning;1;m;2
CW;Ivankova;1;w;2
CW;Henrik;1;m;2
CW;Iwona;1;w;2
CW;Herbert;1;m;2
CW;Jade;1;w;2
CW;Hermann;1;m;2
CW;Jannah;1;w;2
CW;Herrmann;1;m;2
CW;Janne;1;w;2
CW;Hillel;1;m;2
CW;Jeanika;1;w;2
CW;Horst;1;m;2
CW;Jeanne;1;w;2
CW;Hosseyn;1;m;2
CW;Jette;1;w;2
CW;Hubert;1;m;2
CW;Jilda;1;w;2
CW;Husnija;1;m;2
CW;Jingyi;1;w;2
CW;Huu;1;m;2
CW;Joan;1;w;2
CW;Huy;1;m;2
CW;Joana;1;w;2
CW;Héctor;1;m;2
CW;Johanne;1;w;2
CW;Iae;1;m;2
CW;Joline;1;w;2
CW;Igorevič;1;m;2
CW;Jordan;1;w;2
CW;Ihsan;1;m;2
CW;Jorina;1;w;2
CW;Ilane;1;m;2
CW;Josefin;1;w;2
CW;Iluka;1;m;2
CW;Josefina;1;w;2
CW;Ilyas;1;m;2
CW;Julika;1;w;2
CW;Immanuel;1;m;2
CW;June;1;w;2
CW;Imran;1;m;2
CW;Juni;1;w;2
CW;Imre;1;m;2
CW;Juno;1;w;2
CW;Ioannis;1;m;2
CW;Justine;1;w;2
CW;Isa;1;m;2
CW;Jutta;1;w;2
CW;Isaac;1;m;2
CW;Kalunga;1;w;2
CW;Isaiah;1;m;2
CW;Kamila;1;w;2
CW;Isidor;1;m;2
CW;Karen;1;w;2
CW;Ismail;1;m;2
CW;Karin;1;w;2
CW;Ismar;1;m;2
CW;Karina;1;w;2
CW;Ivan;1;m;2
CW;Karla;1;w;2
CW;Izzatovič;1;m;2
CW;Karlotta;1;w;2
CW;Izzet;1;m;2
CW;Karoline;1;w;2
CW;Jaan;1;m;2
CW;Katelyn;1;w;2
CW;Jace;1;m;2
CW;Kateniss;1;w;2
CW;Jack;1;m;2
CW;Kateri;1;w;2
CW;Jackson;1;m;2
CW;Katherine;1;w;2
CW;Jacobsen;1;m;2
CW;Kathleen;1;w;2
CW;Jacoub;1;m;2
CW;Kathrin;1;w;2
CW;Jae-Young;1;m;2
CW;Katrine;1;w;2
CW;James;1;m;2
CW;Kayla;1;w;2
CW;Jan;1;m;2
CW;Keisly;1;w;2
CW;Janik;1;m;2
CW;Kemeng;1;w;2
CW;Jannes;1;m;2
CW;Kendra;1;w;2
CW;Jannis;1;m;2
CW;Kenza;1;w;2
CW;Jayce;1;m;2
CW;Kersti;1;w;2
CW;Jeffrey;1;m;2
CW;Khiêm;1;w;2
CW;Jeremias;1;m;2
CW;Kim;1;w;2
CW;Jeremy;1;m;2
CW;Kira;1;w;2
CW;Jeroen;1;m;2
CW;Kıymet;1;w;2
CW;Jerome;1;m;2
CW;Klara;1;w;2
CW;Jincheng;1;m;2
CW;Klea;1;w;2
CW;Joan;1;m;2
CW;Konstantina;1;w;2
CW;Joangel;1;m;2
CW;Konstanze;1;w;2
CW;Joe;1;m;2
CW;Kristin;1;w;2
CW;Jonás;1;m;2
CW;Labrini;1;w;2
CW;Joos;1;m;2
CW;Laika;1;w;2
CW;Joost;1;m;2
CW;Lakota;1;w;2
CW;Joris;1;m;2
CW;Lale;1;w;2
CW;Josiah;1;m;2
CW;Larissa;1;w;2
CW;Josuèl;1;m;2
CW;Latifa;1;w;2
CW;Josué;1;m;2
CW;Lavi;1;w;2
CW;Joël;1;m;2
CW;Leah;1;w;2
CW;Juan;1;m;2
CW;Leah-María;1;w;2
CW;Jules;1;m;2
CW;Lefey;1;w;2
CW;Jürgen;1;m;2
CW;Leia;1;w;2
CW;Kai;1;m;2
CW;Leni;1;w;2
CW;Kaito;1;m;2
CW;Leona;1;w;2
CW;Kaled;1;m;2
CW;Leondia;1;w;2
CW;Kalinov;1;m;2
CW;Leonor;1;w;2
CW;Kalunga;1;m;2
CW;Leonora;1;w;2
CW;Kanye;1;m;2
CW;Leonore;1;w;2
CW;Karam;1;m;2
CW;Letitzia;1;w;2
CW;Kareem;1;m;2
CW;Levia;1;w;2
CW;Karl-Heinz;1;m;2
CW;Leyla;1;w;2
CW;Karlos;1;m;2
CW;Lian;1;w;2
CW;Karol;1;m;2
CW;Lieselotte;1;w;2
CW;Kartal;1;m;2
CW;Lili;1;w;2
CW;Kasimir;1;m;2
CW;Lilli;1;w;2
CW;Kaspar;1;m;2
CW;Lilly;1;w;2
CW;Kay;1;m;2
CW;Lilotta;1;w;2
CW;Keano;1;m;2
CW;Lilou;1;w;2
CW;Keke;1;m;2
CW;Lilu;1;w;2
CW;Kekeli;1;m;2
CW;Lily;1;w;2
CW;Kelvin;1;m;2
CW;Linda;1;w;2
CW;Kentaro;1;m;2
CW;Lionelle;1;w;2
CW;Kewali;1;m;2
CW;Lisa;1;w;2
CW;Khoa;1;m;2
CW;Lisbeth;1;w;2
CW;Khoi;1;m;2
CW;Loreen;1;w;2
CW;Kian;1;m;2
CW;Loreley;1;w;2
CW;Kilian;1;m;2
CW;Lorena;1;w;2
CW;Kinyüa;1;m;2
CW;Loris;1;w;2
CW;Kirill;1;m;2
CW;Lotti;1;w;2
CW;Klaudius;1;m;2
CW;Lousia;1;w;2
CW;Klaus;1;m;2
CW;Lovis;1;w;2
CW;Klemens;1;m;2
CW;Lovisa;1;w;2
CW;Krasimirov;1;m;2
CW;Lu;1;w;2
CW;Kubilay;1;m;2
CW;Luca;1;w;2
CW;Kuno;1;m;2
CW;Lucienne;1;w;2
CW;Kurbanov;1;m;2
CW;Lucija;1;w;2
CW;Kwame;1;m;2
CW;Lucy;1;w;2
CW;Lai-Lok;1;m;2
CW;Luke;1;w;2
CW;Lars;1;m;2
CW;Luna;1;w;2
CW;Laurenz;1;m;2
CW;Lund;1;w;2
CW;Lee;1;m;2
CW;Lydia;1;w;2
CW;Leif;1;m;2
CW;Lykke;1;w;2
CW;Leighton;1;m;2
CW;Lyra;1;w;2
CW;Leisten;1;m;2
CW;Lysanne;1;w;2
CW;Lelio;1;m;2
CW;Madeleine;1;w;2
CW;Lenard;1;m;2
CW;Madjé;1;w;2
CW;Lenart;1;m;2
CW;Madlaina;1;w;2
CW;Lenin;1;m;2
CW;Maeve;1;w;2
CW;Lennart;1;m;2
CW;Mafalda;1;w;2
CW;Lennert;1;m;2
CW;Magnolia;1;w;2
CW;Lennox;1;m;2
CW;Magomedovna;1;w;2
CW;Leonas;1;m;2
CW;Maia;1;w;2
CW;Leonel;1;m;2
CW;Maika;1;w;2
CW;Leonid;1;m;2
CW;Malena;1;w;2
CW;Levan;1;m;2
CW;Mali;1;w;2
CW;Levani;1;m;2
CW;Maliah;1;w;2
CW;Levent;1;m;2
CW;Malii;1;w;2
CW;Lewin;1;m;2
CW;Malika;1;w;2
CW;Lias;1;m;2
CW;Malov;1;w;2
CW;Liem;1;m;2
CW;Malva;1;w;2
CW;Lion;1;m;2
CW;Mandy;1;w;2
CW;Loki;1;m;2
CW;Mara;1;w;2
CW;Long;1;m;2
CW;Marceline;1;w;2
CW;Lovis;1;m;2
CW;Mareen;1;w;2
CW;Loïc;1;m;2
CW;Margaretha;1;w;2
CW;Luciano;1;m;2
CW;Mari;1;w;2
CW;Lucien;1;m;2
CW;Mariam;1;w;2
CW;Lucky-Seven;1;m;2
CW;Mariama;1;w;2
CW;Luiz;1;m;2
CW;Mariann;1;w;2
CW;Luk;1;m;2
CW;Marianne;1;w;2
CW;Luka;1;m;2
CW;Maribel;1;w;2
CW;Lutfi;1;m;2
CW;Mariechen;1;w;2
CW;Lyon;1;m;2
CW;Marietta;1;w;2
CW;Lèon;1;m;2
CW;Marika;1;w;2
CW;Lý;1;m;2
CW;Marion;1;w;2
CW;Mac;1;m;2
CW;Marley;1;w;2
CW;Maciej;1;m;2
CW;Marlie;1;w;2
CW;Mael;1;m;2
CW;Marta;1;w;2
CW;Mahmoud;1;m;2
CW;Martyna;1;w;2
CW;Malik;1;m;2
CW;Mary;1;w;2
CW;Marcellus;1;m;2
CW;María;1;w;2
CW;Marcus;1;m;2
CW;Mathea;1;w;2
CW;Maria;1;m;2
CW;Mathilde;1;w;2
CW;Marie;1;m;2
CW;Mattea;1;w;2
CW;Mario;1;m;2
CW;Matylda;1;w;2
CW;Marley;1;m;2
CW;Mavie;1;w;2
CW;Marten;1;m;2
CW;Maya;1;w;2
CW;Marwan;1;m;2
CW;Mayra;1;w;2
CW;Masamba;1;m;2
CW;Meena;1;w;2
CW;Massimiliano;1;m;2
CW;Melina;1;w;2
CW;Matheo;1;m;2
CW;Melis;1;w;2
CW;Mathies;1;m;2
CW;Melissa;1;w;2
CW;Mathis;1;m;2
CW;Meral;1;w;2
CW;Matin;1;m;2
CW;Meratuni;1;w;2
CW;Maximiliam;1;m;2
CW;Merrit;1;w;2
CW;Maximos;1;m;2
CW;Meyra;1;w;2
CW;Mazen;1;m;2
CW;Mieke;1;w;2
CW;Mehmet;1;m;2
CW;Milana;1;w;2
CW;Memet;1;m;2
CW;Milissa;1;w;2
CW;Meni;1;m;2
CW;Mimi;1;w;2
CW;Michèl;1;m;2
CW;Min;1;w;2
CW;Mika;1;m;2
CW;Mine;1;w;2
CW;Mikael;1;m;2
CW;Mingze;1;w;2
CW;Mikail;1;m;2
CW;Minna;1;w;2
CW;Mikesch;1;m;2
CW;Mirabelle;1;w;2
CW;Mikey;1;m;2
CW;Miranda;1;w;2
CW;Mikhailovič;1;m;2
CW;Mirjam;1;w;2
CW;Milan;1;m;2
CW;Miryam;1;w;2
CW;Miljan;1;m;2
CW;Mitzi;1;w;2
CW;Mio;1;m;2
CW;Miyoung;1;w;2
CW;Mir;1;m;2
CW;Mohamed;1;w;2
CW;Miron;1;m;2
CW;Mohammad;1;w;2
CW;Miyabi;1;m;2
CW;Mohammed;1;w;2
CW;Mohammad;1;m;2
CW;Moira;1;w;2
CW;Mohammed;1;m;2
CW;Momo;1;w;2
CW;Momme;1;m;2
CW;Mualla;1;w;2
CW;Monty;1;m;2
CW;Mucize;1;w;2
CW;Muammer;1;m;2
CW;Muriel;1;w;2
CW;Mugisha;1;m;2
CW;Muslimovna;1;w;2
CW;Muguluvila;1;m;2
CW;Mutende;1;w;2
CW;Muhammad;1;m;2
CW;My;1;w;2
CW;Musa;1;m;2
CW;Nadine;1;w;2
CW;Musawar;1;m;2
CW;Naemi;1;w;2
CW;Nader;1;m;2
CW;Nahide;1;w;2
CW;Nadi;1;m;2
CW;Najma;1;w;2
CW;Nahuel;1;m;2
CW;Nancy;1;w;2
CW;Nalu;1;m;2
CW;Nanny;1;w;2
CW;Nam;1;m;2
CW;Narelle;1;w;2
CW;Nami;1;m;2
CW;Natalie;1;w;2
CW;Namik;1;m;2
CW;Nayra;1;w;2
CW;Nana;1;m;2
CW;Nefeli;1;w;2
CW;Nanasei;1;m;2
CW;Nella;1;w;2
CW;Nantawat;1;m;2
CW;Nevresa;1;w;2
CW;Nathan;1;m;2
CW;Ngozi;1;w;2
CW;Nathanael;1;m;2
CW;Nidia;1;w;2
CW;Nathanaël;1;m;2
CW;Nikita;1;w;2
CW;Nathaniel;1;m;2
CW;Nil;1;w;2
CW;Nawaf;1;m;2
CW;Nira;1;w;2
CW;Nawid;1;m;2
CW;Nirina;1;w;2
CW;Nazmi;1;m;2
CW;Noemi;1;w;2
CW;Ndifor;1;m;2
CW;Norma;1;w;2
CW;Necip;1;m;2
CW;Noée;1;w;2
CW;Nero;1;m;2
CW;Noémie;1;w;2
CW;Neville;1;m;2
CW;Nyah;1;w;2
CW;Nevio;1;m;2
CW;Nyamekye;1;w;2
CW;Nhật;1;m;2
CW;Ocean;1;w;2
CW;Niam;1;m;2
CW;Ohema;1;w;2
CW;Nicolás;1;m;2
CW;Ohomwen;1;w;2
CW;Nidal;1;m;2
CW;Olga;1;w;2
CW;Niko;1;m;2
CW;Oludarasimi;1;w;2
CW;Nikolaevič;1;m;2
CW;Ophelia;1;w;2
CW;Nikolaj;1;m;2
CW;Orkhan;1;w;2
CW;Nikolas;1;m;2
CW;Orli;1;w;2
CW;Nilay;1;m;2
CW;Osama;1;w;2
CW;Nissim;1;m;2
CW;Osifo;1;w;2
CW;Njeimoun;1;m;2
CW;Oxana;1;w;2
CW;Noa;1;m;2
CW;Palina;1;w;2
CW;Noem;1;m;2
CW;Paloma;1;w;2
CW;Nolan;1;m;2
CW;Panagiota;1;w;2
CW;Noyo;1;m;2
CW;Paquita;1;w;2
CW;Nuh;1;m;2
CW;Patrizia;1;w;2
CW;Nuk;1;m;2
CW;Penélope;1;w;2
CW;Nuri;1;m;2
CW;Peppy;1;w;2
CW;Nyamekye;1;m;2
CW;Perin;1;w;2
CW;Nylund;1;m;2
CW;Phương;1;w;2
CW;Oke;1;m;2
CW;Phương-Liên;1;w;2
CW;Omar;1;m;2
CW;Pillmeier;1;w;2
CW;Omondi;1;m;2
CW;Pip;1;w;2
CW;oğlu;1;m;2
CW;Pius;1;w;2
CW;Pars;1;m;2
CW;Preeyada;1;w;2
CW;Parvin;1;m;2
CW;Priscilla;1;w;2
CW;Pascal;1;m;2
CW;Quynh;1;w;2
CW;Paul-Josef;1;m;2
CW;Radžabovna;1;w;2
CW;Paweł;1;m;2
CW;Rae;1;w;2
CW;Petrovič;1;m;2
CW;Rahma;1;w;2
CW;Phelan;1;m;2
CW;Rania;1;w;2
CW;Philippe;1;m;2
CW;Raphaela;1;w;2
CW;Pierre;1;m;2
CW;Rashel;1;w;2
CW;Piers;1;m;2
CW;Rebecca;1;w;2
CW;Pio;1;m;2
CW;Reisel;1;w;2
CW;Plamenov;1;m;2
CW;Renata;1;w;2
CW;Polat;1;m;2
CW;Rhoda;1;w;2
CW;Preston;1;m;2
CW;River;1;w;2
CW;Primo;1;m;2
CW;Robyn;1;w;2
CW;Quang;1;m;2
CW;Rojin;1;w;2
CW;Quentin;1;m;2
CW;Romania;1;w;2
CW;Radoslaw;1;m;2
CW;Ronya;1;w;2
CW;Raif;1;m;2
CW;Rosa-Luise;1;w;2
CW;Ramazan;1;m;2
CW;Rosali;1;w;2
CW;Raphaël;1;m;2
CW;Rosalia;1;w;2
CW;Rashwan;1;m;2
CW;Rosalina;1;w;2
CW;Rathanachod;1;m;2
CW;Rosie;1;w;2
CW;Rauf;1;m;2
CW;Runa;1;w;2
CW;Raul;1;m;2
CW;Saida;1;w;2
CW;Ray;1;m;2
CW;Sakine;1;w;2
CW;Raymond;1;m;2
CW;Sakura;1;w;2
CW;Reda;1;m;2
CW;Saleh;1;w;2
CW;Reiner;1;m;2
CW;Salome;1;w;2
CW;René;1;m;2
CW;Salvina;1;w;2
CW;Reto;1;m;2
CW;Samiel;1;w;2
CW;Rey;1;m;2
CW;Samira;1;w;2
CW;Rick;1;m;2
CW;Samuela;1;w;2
CW;Rida;1;m;2
CW;Sande;1;w;2
CW;Rio;1;m;2
CW;Saphira;1;w;2
CW;Rizal;1;m;2
CW;Sarolta;1;w;2
CW;Roberto;1;m;2
CW;Sascha;1;w;2
CW;Rodolfo;1;m;2
CW;Sawyer;1;w;2
CW;Roland;1;m;2
CW;Seah;1;w;2
CW;Rolf;1;m;2
CW;Selene;1;w;2
CW;Romeo;1;m;2
CW;Selina;1;w;2
CW;Romualdo;1;m;2
CW;Selma;1;w;2
CW;Rosenov;1;m;2
CW;Semiha;1;w;2
CW;Ryan;1;m;2
CW;Seraphina;1;w;2
CW;Ryszard;1;m;2
CW;Setareh;1;w;2
CW;Ryu;1;m;2
CW;Shanice;1;w;2
CW;Sabri;1;m;2
CW;Shevin;1;w;2
CW;Saeed;1;m;2
CW;Shweda;1;w;2
CW;Sai-Ming;1;m;2
CW;Sibylle;1;w;2
CW;Saint;1;m;2
CW;Sidonia;1;w;2
CW;Sakari;1;m;2
CW;Sina;1;w;2
CW;Salim;1;m;2
CW;Sinikka;1;w;2
CW;Salvatore;1;m;2
CW;Siri;1;w;2
CW;Samir;1;m;2
CW;Smilga;1;w;2
CW;Samiro;1;m;2
CW;Sofija;1;w;2
CW;San;1;m;2
CW;Sol;1;w;2
CW;Sander;1;m;2
CW;Solveig;1;w;2
CW;Santo;1;m;2
CW;Sommai;1;w;2
CW;Sarmad;1;m;2
CW;Sonja;1;w;2
CW;Sarp;1;m;2
CW;Souad;1;w;2
CW;Sascha;1;m;2
CW;Stefanie;1;w;2
CW;Savio;1;m;2
CW;Steffi;1;w;2
CW;Sebastián;1;m;2
CW;Stephanie;1;w;2
CW;Selim;1;m;2
CW;Sua;1;w;2
CW;Septimus;1;m;2
CW;Suar;1;w;2
CW;Serkan;1;m;2
CW;Sue;1;w;2
CW;Seyid;1;m;2
CW;Suela;1;w;2
CW;Seyit;1;m;2
CW;Sumeja;1;w;2
CW;Sharif;1;m;2
CW;Tabea;1;w;2
CW;Shiwa;1;m;2
CW;Tahnee;1;w;2
CW;Shlomo;1;m;2
CW;Taima;1;w;2
CW;Sian;1;m;2
CW;Takhmurasovna;1;w;2
CW;Sigi;1;m;2
CW;Talitha;1;w;2
CW;Simeon;1;m;2
CW;Tanja;1;w;2
CW;Sinos;1;m;2
CW;Tarja;1;w;2
CW;Snorradóttir;1;m;2
CW;Theresia;1;w;2
CW;Stanko;1;m;2
CW;Trudi;1;w;2
CW;Stefanov;1;m;2
CW;Tue;1;w;2
CW;Steven;1;m;2
CW;Tuệ;1;w;2
CW;Stuart;1;m;2
CW;Ukumi;1;w;2
CW;Sulaiman;1;m;2
CW;Uma;1;w;2
CW;Sven;1;m;2
CW;Umay;1;w;2
CW;Sydney;1;m;2
CW;Ursula;1;w;2
CW;Syed;1;m;2
CW;Vaiana;1;w;2
CW;Szymon;1;m;2
CW;Valentijna;1;w;2
CW;Sükrü;1;m;2
CW;Valentine;1;w;2
CW;Tadeusz;1;m;2
CW;Valentyna;1;w;2
CW;Takiri;1;m;2
CW;Vannin;1;w;2
CW;Talbot;1;m;2
CW;Vendetta;1;w;2
CW;Tamino;1;m;2
CW;Vera;1;w;2
CW;Tamo;1;m;2
CW;Veronika;1;w;2
CW;Tanselov;1;m;2
CW;Vi;1;w;2
CW;Tayfun;1;m;2
CW;Vilma;1;w;2
CW;Taylan;1;m;2
CW;Virginia;1;w;2
CW;Teodor;1;m;2
CW;Vivien;1;w;2
CW;Teoman;1;m;2
CW;Volodymyrivna;1;w;2
CW;Tesfa;1;m;2
CW;Vy;1;w;2
CW;Thales;1;m;2
CW;Wael;1;w;2
CW;Thanh;1;m;2
CW;Wanda;1;w;2
CW;Theodore;1;m;2
CW;Willa;1;w;2
CW;Thorsten;1;m;2
CW;Wilma;1;w;2
CW;Tiberius;1;m;2
CW;Wolke;1;w;2
CW;Tiger;1;m;2
CW;Won;1;w;2
CW;Timmo;1;m;2
CW;Władysława;1;w;2
CW;Timothy;1;m;2
CW;Xatun;1;w;2
CW;Tino;1;m;2
CW;Xiaoxi;1;w;2
CW;Tito;1;m;2
CW;Xuan;1;w;2
CW;Tiziano;1;m;2
CW;Yağmur;1;w;2
CW;Tobit;1;m;2
CW;Yi;1;w;2
CW;Toivo;1;m;2
CW;Yıldız;1;w;2
CW;Tomasz;1;m;2
CW;Yinuo;1;w;2
CW;Tonalli;1;m;2
CW;Ylfa;1;w;2
CW;Travis;1;m;2
CW;Ylva;1;w;2
CW;Trinh;1;m;2
CW;Ylvi;1;w;2
CW;Tsanga;1;m;2
CW;Yu;1;w;2
CW;Tyler;1;m;2
CW;Yue;1;w;2
CW;Ulrich;1;m;2
CW;Yue-Lin;1;w;2
CW;Ulrik;1;m;2
CW;Yumi;1;w;2
CW;Umar;1;m;2
CW;Yuna;1;w;2
CW;Vadimovič;1;m;2
CW;Yva;1;w;2
CW;Valentijn;1;m;2
CW;Zehra;1;w;2
CW;Valentino;1;m;2
CW;Zennure;1;w;2
CW;Valer'evič;1;m;2
CW;Zilan;1;w;2
CW;Vassili;1;m;2
CW;Zita;1;w;2
CW;Vassilios;1;m;2
CW;Ziza;1;w;2
CW;Veit;1;m;2
CW;Zoé;1;w;2
CW;Ventura;1;m;2
CW;Zümra;1;w;2
CW;Vigo;1;m;2
CW;Élaine;1;w;2
CW;Vito;1;m;2
CW;Şuheda;1;w;2
CW;Vladimir;1;m;2
CW;Şükran;1;w;2
CW;Volodimirovič;1;m;2
CW;Vova;1;m;2
CW;Walther;1;m;2
CW;Werner;1;m;2
CW;Winfried;1;m;2
CW;Wladyslaw;1;m;2
CW;Wolf;1;m;2
CW;Xavier;1;m;2
CW;Yacine;1;m;2
CW;Yahia;1;m;2
CW;Yan-Qing;1;m;2
CW;Yang;1;m;2
CW;Yann;1;m;2
CW;Yascha;1;m;2
CW;Yasir;1;m;2
CW;Yassine;1;m;2
CW;Yazmyratovitsch;1;m;2
CW;Yağiz;1;m;2
CW;Yichen;1;m;2
CW;Yigit;1;m;2
CW;Yilmaz;1;m;2
CW;Yinuo;1;m;2
CW;Yiğit;1;m;2
CW;Yoav;1;m;2
CW;Youssef;1;m;2
CW;Yuechen;1;m;2
CW;Yun;1;m;2
CW;Yunis;1;m;2
CW;Yunuo;1;m;2
CW;Yusuf;1;m;2
CW;Zabel;1;m;2
CW;Zacharias;1;m;2
CW;Zanyar;1;m;2
CW;Zeyd;1;m;2
CW;Zeynel;1;m;2
CW;Zhan;1;m;2
CW;Ziya;1;m;2
CW;Zlatan;1;m;2
CW;Zong;1;m;2
CW;Zoran;1;m;2
CW;Zuli;1;m;2
CW;Zygmunt;1;m;2
CW;Çetin;1;m;2
CW;Çınar;1;m;2
CW;Şahin;1;m;2
CW;Šarifovič;1;m;2
CW;Abigail;1;w;1
CW;Addison;1;w;1
CW;Adea;1;w;1
CW;Adela;1;w;1
CW;Adelie;1;w;1
CW;Adelina;1;w;1
CW;Adell;1;w;1
CW;Adja;1;w;1
CW;Adna;1;w;1
CW;Adrina;1;w;1
CW;Adubia;1;w;1
CW;Aelia;1;w;1
CW;Aarón;1;m;1
CW;Aiche;1;w;1
CW;Abdelkarim;1;m;1
CW;Aisha;1;w;1
CW;Achille;1;m;1
CW;Aiza;1;w;1
CW;Adar;1;m;1
CW;Ajanda;1;w;1
CW;Adin;1;m;1
CW;Alaina;1;w;1
CW;Adom;1;m;1
CW;Alana;1;w;1
CW;Adonis;1;m;1
CW;Alara;1;w;1
CW;Adriano;1;m;1
CW;Aldina;1;w;1
CW;Adriań;1;m;1
CW;Alea;1;w;1
CW;Afeni;1;m;1
CW;Aleksa;1;w;1
CW;Ahil;1;m;1
CW;Alena;1;w;1
CW;Aid;1;m;1
CW;Alessa;1;w;1
CW;Aiden;1;m;1
CW;Alesya;1;w;1
CW;Aineas;1;m;1
CW;Aliana;1;w;1
CW;Akın;1;m;1
CW;Alice;1;w;1
CW;Alaric;1;m;1
CW;Alicia;1;w;1
CW;Alaz;1;m;1
CW;Alira;1;w;1
CW;Aleandro;1;m;1
CW;Alissia;1;w;1
CW;Aleks;1;m;1
CW;Alix;1;w;1
CW;Aleksander;1;m;1
CW;Aljona;1;w;1
CW;Alex;1;m;1
CW;Ally;1;w;1
CW;Alexei;1;m;1
CW;Almira;1;w;1
CW;Alexey;1;m;1
CW;Almudena;1;w;1
CW;Alexis;1;m;1
CW;Alwina;1;w;1
CW;Alican;1;m;1
CW;Alya;1;w;1
CW;Alim;1;m;1
CW;Amal;1;w;1
CW;Aliyar;1;m;1
CW;Amalya;1;w;1
CW;Aljoscha;1;m;1
CW;Amanda;1;w;1
CW;Alois;1;m;1
CW;Ambra;1;w;1
CW;Alp;1;m;1
CW;Amielle;1;w;1
CW;Alperen;1;m;1
CW;Amila;1;w;1
CW;Altai;1;m;1
CW;Amilia;1;w;1
CW;Altay;1;m;1
CW;Amiya;1;w;1
CW;Alvi;1;m;1
CW;Amna;1;w;1
CW;Alvin;1;m;1
CW;Amélie;1;w;1
CW;Amadeo;1;m;1
CW;An-Sophie;1;w;1
CW;Amando;1;m;1
CW;Anahí;1;w;1
CW;Amaël;1;m;1
CW;Anastasia-Elena;1;w;1
CW;Amel;1;m;1
CW;Anastasia-Liya;1;w;1
CW;Amer;1;m;1
CW;Anaya;1;w;1
CW;Amine;1;m;1
CW;Anaïs;1;w;1
CW;Amirhossein;1;m;1
CW;Andrada;1;w;1
CW;Ammar;1;m;1
CW;Andreea;1;w;1
CW;Amoako;1;m;1
CW;Andrijana;1;w;1
CW;Amos;1;m;1
CW;Anela;1;w;1
CW;Andor;1;m;1
CW;Anesa;1;w;1
CW;Andrian;1;m;1
CW;Anett;1;w;1
CW;Andrija;1;m;1
CW;Angeliki;1;w;1
CW;Anno;1;m;1
CW;Anita;1;w;1
CW;Anselm;1;m;1
CW;Ann-Youvie;1;w;1
CW;Anthony;1;m;1
CW;Annabel;1;w;1
CW;Antoine;1;m;1
CW;Annemarie;1;w;1
CW;Anton-Emil;1;m;1
CW;Anni;1;w;1
CW;Antonin;1;m;1
CW;Anouk;1;w;1
CW;Antú;1;m;1
CW;Anqi;1;w;1
CW;Aodren;1;m;1
CW;Antea;1;w;1
CW;Aramis;1;m;1
CW;Anthea;1;w;1
CW;Ares;1;m;1
CW;Anuk;1;w;1
CW;Argad;1;m;1
CW;Apolena;1;w;1
CW;Arie;1;m;1
CW;Apolline;1;w;1
CW;Arijan;1;m;1
CW;Aria;1;w;1
CW;Ariton;1;m;1
CW;Ariana;1;w;1
CW;Arián;1;m;1
CW;Arina;1;w;1
CW;Arka;1;m;1
CW;Ariyana;1;w;1
CW;Arman;1;m;1
CW;Aruna;1;w;1
CW;Armando;1;m;1
CW;Arven;1;w;1
CW;Arne;1;m;1
CW;Asal;1;w;1
CW;Arnes;1;m;1
CW;Aseel;1;w;1
CW;Arnid;1;m;1
CW;Asija;1;w;1
CW;Arnold;1;m;1
CW;Asiya;1;w;1
CW;Aron;1;m;1
CW;Aslı;1;w;1
CW;Arshia;1;m;1
CW;Asmaa;1;w;1
CW;Artiom;1;m;1
CW;Asmin;1;w;1
CW;Artjom;1;m;1
CW;Astrid;1;w;1
CW;Arvin;1;m;1
CW;Asu;1;w;1
CW;Arvydas;1;m;1
CW;Asude;1;w;1
CW;Aryan;1;m;1
CW;Atlanta;1;w;1
CW;Asim;1;m;1
CW;Augusta;1;w;1
CW;Asli;1;m;1
CW;Aurelie;1;w;1
CW;Asmir;1;m;1
CW;Aurélie;1;w;1
CW;Atakan;1;m;1
CW;Avi;1;w;1
CW;Atilla;1;m;1
CW;Awa-Mai;1;w;1
CW;Augustin;1;m;1
CW;Aya;1;w;1
CW;Aurel;1;m;1
CW;Ayah;1;w;1
CW;Aurelio;1;m;1
CW;Ayat;1;w;1
CW;Auri;1;m;1
CW;Ayliz;1;w;1
CW;Auryn;1;m;1
CW;Ayodélé;1;w;1
CW;Austin;1;m;1
CW;Aysima;1;w;1
CW;Avi;1;m;1
CW;Ayu;1;w;1
CW;Axel;1;m;1
CW;Ayça;1;w;1
CW;Ayaz;1;m;1
CW;Azil;1;w;1
CW;Ayberk;1;m;1
CW;Aziza;1;w;1
CW;Ayhan;1;m;1
CW;Açelya;1;w;1
CW;Ayman;1;m;1
CW;Bahar;1;w;1
CW;Aytu;1;m;1
CW;Barbara;1;w;1
CW;Ayub;1;m;1
CW;Bayan;1;w;1
CW;Bakir;1;m;1
CW;Beke;1;w;1
CW;Bakr;1;m;1
CW;Belinay;1;w;1
CW;Barsam;1;m;1
CW;Benita;1;w;1
CW;Basil;1;m;1
CW;Bensu;1;w;1
CW;Bayar;1;m;1
CW;Berfin;1;w;1
CW;Bayrem;1;m;1
CW;Bergüzar;1;w;1
CW;Bela;1;m;1
CW;Boya;1;w;1
CW;Bence;1;m;1
CW;Brooklynn;1;w;1
CW;Bennick;1;m;1
CW;Bryzeida;1;w;1
CW;Benno;1;m;1
CW;Cara;1;w;1
CW;Bent;1;m;1
CW;Caren;1;w;1
CW;Bente;1;m;1
CW;Carmen;1;w;1
CW;Berat;1;m;1
CW;Carolina;1;w;1
CW;Berkay;1;m;1
CW;Catalea;1;w;1
CW;Bernard;1;m;1
CW;Catelyn;1;w;1
CW;Bero;1;m;1
CW;Cathlin-Zoey;1;w;1
CW;Beykan;1;m;1
CW;Celin;1;w;1
CW;Bjarne;1;m;1
CW;Celiné;1;w;1
CW;Bo;1;m;1
CW;Ceyda;1;w;1
CW;Bobbie;1;m;1
CW;Ceylin;1;w;1
CW;Bora;1;m;1
CW;Charlotta;1;w;1
CW;Bossen;1;m;1
CW;Cheyenne;1;w;1
CW;Boubacar;1;m;1
CW;Chinonso;1;w;1
CW;Burak;1;m;1
CW;Chloe;1;w;1
CW;Béla;1;m;1
CW;Christina;1;w;1
CW;Cahit;1;m;1
CW;Clara-Marie;1;w;1
CW;Caleb;1;m;1
CW;Clarissa;1;w;1
CW;Can-Luca;1;m;1
CW;Coco;1;w;1
CW;Carmi;1;m;1
CW;Cosima;1;w;1
CW;Carsten;1;m;1
CW;Cécile;1;w;1
CW;Casper;1;m;1
CW;Cécilia;1;w;1
CW;Caspian;1;m;1
CW;Céline;1;w;1
CW;Cato;1;m;1
CW;Dahlia;1;w;1
CW;Cayan;1;m;1
CW;Daliah;1;w;1
CW;Cedrik;1;m;1
CW;Dalila;1;w;1
CW;Cem;1;m;1
CW;Dalin;1;w;1
CW;Cengiz-Anwar;1;m;1
CW;Daphné;1;w;1
CW;Cengizhan;1;m;1
CW;Daria;1;w;1
CW;Cesar;1;m;1
CW;Darya;1;w;1
CW;Chanhee;1;m;1
CW;Dea;1;w;1
CW;Charli;1;m;1
CW;Delal;1;w;1
CW;Chesley;1;m;1
CW;Delilah;1;w;1
CW;Chris;1;m;1
CW;Delphine;1;w;1
CW;Christo;1;m;1
CW;Derye;1;w;1
CW;Cihad;1;m;1
CW;Desiree;1;w;1
CW;Claas;1;m;1
CW;Dilara;1;w;1
CW;Claus;1;m;1
CW;Dilber;1;w;1
CW;Cody;1;m;1
CW;Diyana;1;w;1
CW;Colin;1;m;1
CW;Djariya;1;w;1
CW;Cosimo;1;m;1
CW;Dolce;1;w;1
CW;Cristiano;1;m;1
CW;Dorothea;1;w;1
CW;Curt;1;m;1
CW;Duru;1;w;1
CW;Dael;1;m;1
CW;Dơi;1;w;1
CW;Damir;1;m;1
CW;Ece;1;w;1
CW;Dang;1;m;1
CW;Eda;1;w;1
CW;Daniil;1;m;1
CW;Eden;1;w;1
CW;Danilo;1;m;1
CW;Edna;1;w;1
CW;Dante;1;m;1
CW;Efrata;1;w;1
CW;Danyal;1;m;1
CW;Efsun;1;w;1
CW;Danylo;1;m;1
CW;Ejona;1;w;1
CW;Daryl;1;m;1
CW;Ela-Emine;1;w;1
CW;Dastan;1;m;1
CW;Elaine;1;w;1
CW;Davi;1;m;1
CW;Eleanora;1;w;1
CW;Davud;1;m;1
CW;Eleni;1;w;1
CW;Dawid;1;m;1
CW;Elenor;1;w;1
CW;Dean;1;m;1
CW;Elfina;1;w;1
CW;Deen;1;m;1
CW;Eli;1;w;1
CW;Denis;1;m;1
CW;Eliana;1;w;1
CW;Deniz;1;m;1
CW;Elice;1;w;1
CW;Deniz-Emre;1;m;1
CW;Eliett;1;w;1
CW;Devrim;1;m;1
CW;Elıf;1;w;1
CW;Dewran;1;m;1
CW;Elinor;1;w;1
CW;Dian;1;m;1
CW;Eliora;1;w;1
CW;Dias;1;m;1
CW;Elis;1;w;1
CW;Dimitrios;1;m;1
CW;Elıs;1;w;1
CW;Dimosthenis;1;m;1
CW;Elisabetta;1;w;1
CW;Dionis;1;m;1
CW;Ellen;1;w;1
CW;Diyar;1;m;1
CW;Ellin;1;w;1
CW;Djamal;1;m;1
CW;Eloise;1;w;1
CW;Djamilou;1;m;1
CW;Elva;1;w;1
CW;Djamilè;1;m;1
CW;Elvan;1;w;1
CW;Dmitrii;1;m;1
CW;Elvi;1;w;1
CW;Do;1;m;1
CW;Elya;1;w;1
CW;Dominic;1;m;1
CW;Elyana;1;w;1
CW;Donik;1;m;1
CW;Elâ;1;w;1
CW;Dorian;1;m;1
CW;Ema;1;w;1
CW;Dylan;1;m;1
CW;Emely;1;w;1
CW;Eames;1;m;1
CW;Emely-Sara;1;w;1
CW;Ebrahim;1;m;1
CW;Emie-Reva;1;w;1
CW;Ebuka;1;m;1
CW;Emili;1;w;1
CW;Eddi;1;m;1
CW;Emily-Thea;1;w;1
CW;Edmund;1;m;1
CW;Emina;1;w;1
CW;Edoardo;1;m;1
CW;Emmeline;1;w;1
CW;Edward;1;m;1
CW;Enja;1;w;1
CW;Egemen;1;m;1
CW;Enya;1;w;1
CW;Eliah;1;m;1
CW;Enza;1;w;1
CW;Elian;1;m;1
CW;Era;1;w;1
CW;Eliezer;1;m;1
CW;Eslem;1;w;1
CW;Elio;1;m;1
CW;Esmanur;1;w;1
CW;Elmar;1;m;1
CW;Esmeralda;1;w;1
CW;Elouan;1;m;1
CW;Esperanza;1;w;1
CW;Elrey;1;m;1
CW;Essil;1;w;1
CW;Elyan;1;m;1
CW;Estelle;1;w;1
CW;Emanuel;1;m;1
CW;Etta;1;w;1
CW;Emiel;1;m;1
CW;Eugenia;1;w;1
CW;Emin;1;m;1
CW;Evangelia;1;w;1
CW;Emmanuel;1;m;1
CW;Evgenia;1;w;1
CW;Enea;1;m;1
CW;Evita;1;w;1
CW;Enoh-Baruc;1;m;1
CW;Evîn;1;w;1
CW;Enrique;1;m;1
CW;Ewa;1;w;1
CW;Enzo;1;m;1
CW;Eylem;1;w;1
CW;Erdem;1;m;1
CW;Eylül;1;w;1
CW;Erdoğan;1;m;1
CW;Eyşan;1;w;1
CW;Esmil;1;m;1
CW;Fabiana;1;w;1
CW;Ethan;1;m;1
CW;Fabienne;1;w;1
CW;Evan;1;m;1
CW;Fabiola;1;w;1
CW;Ezekiel;1;m;1
CW;Faye;1;w;1
CW;Ezra;1;m;1
CW;Felia;1;w;1
CW;Fabricio;1;m;1
CW;Feline;1;w;1
CW;Fahri;1;m;1
CW;Felipa;1;w;1
CW;Faisal;1;m;1
CW;Felizia;1;w;1
CW;Fardin;1;m;1
CW;Fenja;1;w;1
CW;Farin;1;m;1
CW;Fidelia;1;w;1
CW;Faris;1;m;1
CW;Fien;1;w;1
CW;Fatih;1;m;1
CW;Fiene;1;w;1
CW;Fazza;1;m;1
CW;Filumina;1;w;1
CW;Fedor;1;m;1
CW;Finnja-Marie;1;w;1
CW;Fei;1;m;1
CW;Flavia;1;w;1
CW;Feras;1;m;1
CW;Florence;1;w;1
CW;Ferid;1;m;1
CW;Flourish;1;w;1
CW;Fernando;1;m;1
CW;Franca;1;w;1
CW;Fidus;1;m;1
CW;Frederike;1;w;1
CW;Filippo;1;m;1
CW;Freja;1;w;1
CW;Fionn;1;m;1
CW;Freyja;1;w;1
CW;Firat;1;m;1
CW;Friede;1;w;1
CW;Florence;1;m;1
CW;Friederike;1;w;1
CW;Florentin;1;m;1
CW;Félicie;1;w;1
CW;Francis;1;m;1
CW;Gabin;1;w;1
CW;Francisco;1;m;1
CW;Gabriella;1;w;1
CW;Frano;1;m;1
CW;Gabrielle;1;w;1
CW;Frederico;1;m;1
CW;Gaia;1;w;1
CW;Fredo;1;m;1
CW;Gano;1;w;1
CW;Gaad;1;m;1
CW;Gaëlle;1;w;1
CW;Gabrijel;1;m;1
CW;Genevieve;1;w;1
CW;Gagik;1;m;1
CW;Georgia;1;w;1
CW;Gerald;1;m;1
CW;Ghuzlan;1;w;1
CW;Gerardo;1;m;1
CW;Ginevra;1;w;1
CW;Giacomo;1;m;1
CW;Giorgia;1;w;1
CW;Gianluca;1;m;1
CW;Giovanna;1;w;1
CW;Gil;1;m;1
CW;Gloria;1;w;1
CW;Giorgio;1;m;1
CW;Grace;1;w;1
CW;Giray;1;m;1
CW;Grete;1;w;1
CW;Gleb;1;m;1
CW;Gwendolyn;1;w;1
CW;Gracjan;1;m;1
CW;Gökçen;1;w;1
CW;Gregorio;1;m;1
CW;Ha;1;w;1
CW;Grzegorz;1;m;1
CW;Hadra;1;w;1
CW;Gunnar;1;m;1
CW;Hadya;1;w;1
CW;Gustavo;1;m;1
CW;Hafize;1;w;1
CW;Güney;1;m;1
CW;Hafsa;1;w;1
CW;Habib;1;m;1
CW;Hajar;1;w;1
CW;Hadi;1;m;1
CW;Hanin;1;w;1
CW;Hagen;1;m;1
CW;Harleen;1;w;1
CW;Hamid;1;m;1
CW;Harper;1;w;1
CW;Hamun;1;m;1
CW;Hatice;1;w;1
CW;Hamza-Veli;1;m;1
CW;Hatun;1;w;1
CW;Hani;1;m;1
CW;Havin;1;w;1
CW;Hanyu;1;m;1
CW;Havva;1;w;1
CW;Harold;1;m;1
CW;Hawa;1;w;1
CW;Hassan;1;m;1
CW;Hayal;1;w;1
CW;Heiner;1;m;1
CW;Hayat;1;w;1
CW;Heinrich;1;m;1
CW;Haylee;1;w;1
CW;Hendrick;1;m;1
CW;Haylie;1;w;1
CW;Henrik;1;m;1
CW;Hellen;1;w;1
CW;Heval;1;m;1
CW;Henley;1;w;1
CW;Hevgîn;1;m;1
CW;Henna;1;w;1
CW;Hieronymus;1;m;1
CW;Hermine;1;w;1
CW;Hızır;1;m;1
CW;Hilda;1;w;1
CW;Hugó;1;m;1
CW;Hildegard;1;w;1
CW;Husam;1;m;1
CW;Hiranur;1;w;1
CW;Hèctor;1;m;1
CW;Ho;1;w;1
CW;Héctor;1;m;1
CW;Hoang;1;w;1
CW;Hélio;1;m;1
CW;Holle;1;w;1
CW;Ian;1;m;1
CW;Hope;1;w;1
CW;Idriss;1;m;1
CW;Huda;1;w;1
CW;Idán;1;m;1
CW;Hà;1;w;1
CW;Ignacy;1;m;1
CW;Hélène;1;w;1
CW;Ilay;1;m;1
CW;Hüma;1;w;1
CW;Ilijaz;1;m;1
CW;Ikra-Gül;1;w;1
CW;Iliya;1;m;1
CW;Ilara;1;w;1
CW;Ilja;1;m;1
CW;Ilaria;1;w;1
CW;İlker;1;m;1
CW;Ilef;1;w;1
CW;Ilya;1;m;1
CW;Ilknur;1;w;1
CW;Ilyan;1;m;1
CW;Imani;1;w;1
CW;Imilijan;1;m;1
CW;Inis;1;w;1
CW;Imre;1;m;1
CW;Ira;1;w;1
CW;Ion;1;m;1
CW;İrem;1;w;1
CW;Iosua;1;m;1
CW;Iris;1;w;1
CW;Iro;1;m;1
CW;Iside;1;w;1
CW;Isaia;1;m;1
CW;Iskra;1;w;1
CW;Isam;1;m;1
CW;Isol;1;w;1
CW;Ismail;1;m;1
CW;Israa;1;w;1
CW;Issa;1;m;1
CW;İsrâ;1;w;1
CW;Ivan;1;m;1
CW;Iva;1;w;1
CW;Ivano;1;m;1
CW;Ivana;1;w;1
CW;Ivar;1;m;1
CW;Ivy-Marie;1;w;1
CW;Ivo;1;m;1
CW;Izabella;1;w;1
CW;Iyed;1;m;1
CW;Jada;1;w;1
CW;Izzet;1;m;1
CW;Jagoda;1;w;1
CW;Jack;1;m;1
CW;Jaliyah;1;w;1
CW;Jad;1;m;1
CW;Jamila;1;w;1
CW;Jakub;1;m;1
CW;Jamilan;1;w;1
CW;Jaleel;1;m;1
CW;Jamile;1;w;1
CW;Jamen;1;m;1
CW;Janice;1;w;1
CW;Jamil;1;m;1
CW;Janne;1;w;1
CW;Jan-Liam;1;m;1
CW;Jannika;1;w;1
CW;Janis;1;m;1
CW;Jasmine;1;w;1
CW;Jann;1;m;1
CW;Jehovinha;1;w;1
CW;Janne;1;m;1
CW;Jelka;1;w;1
CW;Janson;1;m;1
CW;Jella;1;w;1
CW;Janus;1;m;1
CW;Jenin;1;w;1
CW;Jari;1;m;1
CW;Jenna;1;w;1
CW;Jarne;1;m;1
CW;Jezabel;1;w;1
CW;Jason-Finn;1;m;1
CW;Jihan;1;w;1
CW;Jasper;1;m;1
CW;Jillien;1;w;1
CW;Jean;1;m;1
CW;Joa;1;w;1
CW;Jehovinho;1;m;1
CW;Jocelin;1;w;1
CW;Jerome;1;m;1
CW;Jolanda;1;w;1
CW;Jesaja;1;m;1
CW;Jolande;1;w;1
CW;Jesse;1;m;1
CW;Jolie;1;w;1
CW;Jevyn;1;m;1
CW;Jolina;1;w;1
CW;Joakim;1;m;1
CW;Jolinde;1;w;1
CW;Joan;1;m;1
CW;Jona;1;w;1
CW;Joe;1;m;1
CW;Josefine;1;w;1
CW;Joelson;1;m;1
CW;Josephin;1;w;1
CW;Jonel;1;m;1
CW;Joshua;1;w;1
CW;Joris-Bastian;1;m;1
CW;Joycélia;1;w;1
CW;Jorrell;1;m;1
CW;Juana;1;w;1
CW;Joschua;1;m;1
CW;Judith;1;w;1
CW;Josias;1;m;1
CW;Jula;1;w;1
CW;Josué;1;m;1
CW;Kaia;1;w;1
CW;José;1;m;1
CW;Kaja;1;w;1
CW;Joud;1;m;1
CW;Kala;1;w;1
CW;Jounes;1;m;1
CW;Kanishka;1;w;1
CW;Jovan;1;m;1
CW;Karine;1;w;1
CW;Jovias;1;m;1
CW;Karolina;1;w;1
CW;Jul;1;m;1
CW;Karoline;1;w;1
CW;Julian-Liam;1;m;1
CW;Kata;1;w;1
CW;Julijan;1;m;1
CW;Kateryna;1;w;1
CW;Junus;1;m;1
CW;Kathryn;1;w;1
CW;Jurek;1;m;1
CW;Katie;1;w;1
CW;Justus-Ludwig;1;m;1
CW;Kato;1;w;1
CW;Jérôme;1;m;1
CW;Kavishni;1;w;1
CW;Kai;1;m;1
CW;Kayra;1;w;1
CW;Kais;1;m;1
CW;Kevser;1;w;1
CW;Kajus;1;m;1
CW;Kezia;1;w;1
CW;Kalino;1;m;1
CW;Kiara;1;w;1
CW;Kambiz;1;m;1
CW;Kieu;1;w;1
CW;Kamil;1;m;1
CW;Kitana;1;w;1
CW;Kanade;1;m;1
CW;Kjara;1;w;1
CW;Karan;1;m;1
CW;Klea;1;w;1
CW;Karl-Heinz;1;m;1
CW;Krithi;1;w;1
CW;Kasimir;1;m;1
CW;Kylie;1;w;1
CW;Kaspar;1;m;1
CW;Kyra;1;w;1
CW;Kasper;1;m;1
CW;Kübra;1;w;1
CW;Kassem;1;m;1
CW;Lahja;1;w;1
CW;Kaya;1;m;1
CW;Lakshmi;1;w;1
CW;Keith;1;m;1
CW;Lale;1;w;1
CW;Kenechukwu;1;m;1
CW;Lamija;1;w;1
CW;Kenzo;1;m;1
CW;Lania;1;w;1
CW;Kerim;1;m;1
CW;Larissa;1;w;1
CW;Khánh;1;m;1
CW;Lathika;1;w;1
CW;Kien;1;m;1
CW;Laurie;1;w;1
CW;Kijan;1;m;1
CW;Laurine;1;w;1
CW;Kiron;1;m;1
CW;Leana;1;w;1
CW;Kivanc;1;m;1
CW;Leanda;1;w;1
CW;Kledi;1;m;1
CW;Leanna;1;w;1
CW;Koa;1;m;1
CW;Leda;1;w;1
CW;Koray;1;m;1
CW;Leef;1;w;1
CW;Korbinian;1;m;1
CW;Len;1;w;1
CW;Kosta;1;m;1
CW;Lenarda;1;w;1
CW;Ksawery;1;m;1
CW;Lenie;1;w;1
CW;Kulbert;1;m;1
CW;Lenore;1;w;1
CW;Kumail;1;m;1
CW;Leontine;1;w;1
CW;Kyan;1;m;1
CW;Leony;1;w;1
CW;Kylian;1;m;1
CW;Leticia;1;w;1
CW;Kémo;1;m;1
CW;Letty;1;w;1
CW;Lambros;1;m;1
CW;Levke;1;w;1
CW;Laun;1;m;1
CW;Leya;1;w;1
CW;Laurens;1;m;1
CW;Liah;1;w;1
CW;Lauri;1;m;1
CW;Liara;1;w;1
CW;Lawwah;1;m;1
CW;Lida;1;w;1
CW;Leart;1;m;1
CW;Lile;1;w;1
CW;Leas;1;m;1
CW;Liliana;1;w;1
CW;Lee;1;m;1
CW;Liliane;1;w;1
CW;Leeven;1;m;1
CW;Lilien;1;w;1
CW;Leevi;1;m;1
CW;Lilith;1;w;1
CW;Lehi;1;m;1
CW;Lillian;1;w;1
CW;Leif;1;m;1
CW;Lillien;1;w;1
CW;Lenias;1;m;1
CW;Lilo;1;w;1
CW;Lenn;1;m;1
CW;Lilyan;1;w;1
CW;Lennet;1;m;1
CW;Lima;1;w;1
CW;Lenny;1;m;1
CW;Lina-Patricia;1;w;1
CW;Leonel;1;m;1
CW;Linea;1;w;1
CW;Leonhard;1;m;1
CW;Linn;1;w;1
CW;Leonid;1;m;1
CW;Linnéa;1;w;1
CW;Leonie;1;m;1
CW;Lionelle;1;w;1
CW;Leu;1;m;1
CW;Liora;1;w;1
CW;Levi-Wilhelm;1;m;1
CW;Lisa-Sophie;1;w;1
CW;Levon;1;m;1
CW;Lisanne;1;w;1
CW;Lew;1;m;1
CW;Lise;1;w;1
CW;Lewis;1;m;1
CW;Liska;1;w;1
CW;Liau;1;m;1
CW;Liuna;1;w;1
CW;Lindamulage;1;m;1
CW;Livanaz;1;w;1
CW;Linhai;1;m;1
CW;Liyah;1;w;1
CW;Lion-Sewak;1;m;1
CW;Liyanah;1;w;1
CW;Livan;1;m;1
CW;Lizéa;1;w;1
CW;Liyan;1;m;1
CW;Lolo;1;w;1
CW;Logan;1;m;1
CW;Lonneke;1;w;1
CW;Loi-Loan;1;m;1
CW;Loreley;1;w;1
CW;Loris;1;m;1
CW;Lorianna;1;w;1
CW;Louie;1;m;1
CW;Lotti;1;w;1
CW;Lounis;1;m;1
CW;Louise;1;w;1
CW;Lounès;1;m;1
CW;Lovis;1;w;1
CW;Loïc;1;m;1
CW;Luciana;1;w;1
CW;Luca-Santiago;1;m;1
CW;Lucinda;1;w;1
CW;Lucien;1;m;1
CW;Luka;1;w;1
CW;Ludo;1;m;1
CW;Luknė;1;w;1
CW;Ludwig;1;m;1
CW;Lumin;1;w;1
CW;Luigi;1;m;1
CW;Luoying;1;w;1
CW;Luka-Mikail;1;m;1
CW;Lutza;1;w;1
CW;Lutz;1;m;1
CW;Luva;1;w;1
CW;Lysander;1;m;1
CW;Luz;1;w;1
CW;Léo;1;m;1
CW;Luzia;1;w;1
CW;Léon;1;m;1
CW;Lyana;1;w;1
CW;Léonard;1;m;1
CW;Lätitia;1;w;1
CW;Léopold;1;m;1
CW;Léa;1;w;1
CW;Maddox;1;m;1
CW;Macie;1;w;1
CW;Mads;1;m;1
CW;Madeleine;1;w;1
CW;Maged;1;m;1
CW;Madina;1;w;1
CW;Mahi;1;m;1
CW;Maelina;1;w;1
CW;Mailo;1;m;1
CW;Mafalda;1;w;1
CW;Majid;1;m;1
CW;Maha;1;w;1
CW;Maksym;1;m;1
CW;Mahira;1;w;1
CW;Malek;1;m;1
CW;Maisa;1;w;1
CW;Malo;1;m;1
CW;Majdolin;1;w;1
CW;Manou;1;m;1
CW;Makenzie;1;w;1
CW;Manuel;1;m;1
CW;Malak;1;w;1
CW;Marcel;1;m;1
CW;Malaz;1;w;1
CW;Marco;1;m;1
CW;Malika;1;w;1
CW;Marcus;1;m;1
CW;Manar;1;w;1
CW;Marian;1;m;1
CW;Maneli;1;w;1
CW;Maris;1;m;1
CW;Manissa;1;w;1
CW;Markus;1;m;1
CW;Manuela;1;w;1
CW;Marley;1;m;1
CW;Marah;1;w;1
CW;Marlin;1;m;1
CW;Maraki;1;w;1
CW;Marlo;1;m;1
CW;Margareta;1;w;1
CW;Marsel;1;m;1
CW;Margarethe;1;w;1
CW;Marten;1;m;1
CW;Mari-Mariam;1;w;1
CW;Marvin;1;m;1
CW;Mariana;1;w;1
CW;Masih;1;m;1
CW;Marianne;1;w;1
CW;Mathieu;1;m;1
CW;Marie-Madeleine;1;w;1
CW;Matija;1;m;1
CW;Marie-Sophie;1;w;1
CW;Matin;1;m;1
CW;Marienna;1;w;1
CW;Mattheo;1;m;1
CW;Mariza;1;w;1
CW;Matthieu;1;m;1
CW;Marleen;1;w;1
CW;Matthis;1;m;1
CW;Marlène;1;w;1
CW;Matties;1;m;1
CW;Marny;1;w;1
CW;Maurice;1;m;1
CW;Marry-Joanna;1;w;1
CW;Maxwell;1;m;1
CW;Martha-Rheia;1;w;1
CW;Medyan;1;m;1
CW;Martina;1;w;1
CW;Mehdi;1;m;1
CW;Masal;1;w;1
CW;Mehie;1;m;1
CW;Mascha;1;w;1
CW;Mehmed;1;m;1
CW;Mathea;1;w;1
CW;Mehrsam;1;m;1
CW;Mavie;1;w;1
CW;Mekseb;1;m;1
CW;May;1;w;1
CW;Menua;1;m;1
CW;Mayla;1;w;1
CW;Merab;1;m;1
CW;Mayra;1;w;1
CW;Merlin;1;m;1
CW;Maysáa;1;w;1
CW;Mervan;1;m;1
CW;Maëlle;1;w;1
CW;Meryem;1;m;1
CW;Maëlys;1;w;1
CW;Mete;1;m;1
CW;Mefia;1;w;1
CW;Mica;1;m;1
CW;Megan;1;w;1
CW;Midas;1;m;1
CW;Melania;1;w;1
CW;Mihai;1;m;1
CW;Meleksu;1;w;1
CW;Mihail;1;m;1
CW;Melia;1;w;1
CW;Mihajlo;1;m;1
CW;Melia-Julyé;1;w;1
CW;Mijat;1;m;1
CW;Melis;1;w;1
CW;Mike;1;m;1
CW;Melodi;1;w;1
CW;Mikolaj;1;m;1
CW;Melodie;1;w;1
CW;Mikołaj;1;m;1
CW;Melody;1;w;1
CW;Milas;1;m;1
CW;Menessa;1;w;1
CW;Milian;1;m;1
CW;Merlind;1;w;1
CW;Milov;1;m;1
CW;Merret;1;w;1
CW;Mina;1;m;1
CW;Meta;1;w;1
CW;Mino;1;m;1
CW;Meyra;1;w;1
CW;Miro;1;m;1
CW;Mgeni;1;w;1
CW;Mischa;1;m;1
CW;Mica;1;w;1
CW;Mischael;1;m;1
CW;Mieke;1;w;1
CW;Mishka;1;m;1
CW;Mihrimah;1;w;1
CW;Mohammad-Nour;1;m;1
CW;Mila-Leonie;1;w;1
CW;Mohammed-El;1;m;1
CW;Milara;1;w;1
CW;Mohssen;1;m;1
CW;Milica;1;w;1
CW;Momir;1;m;1
CW;Milène;1;w;1
CW;Moos;1;m;1
CW;Mimi;1;w;1
CW;Morice-Alexander;1;m;1
CW;Minel-Elida;1;w;1
CW;Moris;1;m;1
CW;Minou;1;w;1
CW;Mosab;1;m;1
CW;Mirella;1;w;1
CW;Moucharaf;1;m;1
CW;Miryam;1;w;1
CW;Mouhanad;1;m;1
CW;Mo;1;w;1
CW;Moumen;1;m;1
CW;Mounia;1;w;1
CW;Mounir;1;m;1
CW;Munes;1;w;1
CW;Moussa;1;m;1
CW;Muriel;1;w;1
CW;Moutaz;1;m;1
CW;Nadine;1;w;1
CW;Murat;1;m;1
CW;Nadine-Victoria;1;w;1
CW;Murilo;1;m;1
CW;Nafas;1;w;1
CW;Mír-Bedírhan;1;m;1
CW;Nagila;1;w;1
CW;Mîran;1;m;1
CW;Naila;1;w;1
CW;Namik;1;m;1
CW;Najla;1;w;1
CW;Nasario;1;m;1
CW;Nalin;1;w;1
CW;Nasrddin;1;m;1
CW;Nandini;1;w;1
CW;Natan;1;m;1
CW;Nao;1;w;1
CW;Nathanel;1;m;1
CW;Narine;1;w;1
CW;Natnael;1;m;1
CW;Nastassia;1;w;1
CW;Nedžad;1;m;1
CW;Nastia;1;w;1
CW;Neoh;1;m;1
CW;Natalija;1;w;1
CW;Neon;1;m;1
CW;Nathalie;1;w;1
CW;Nepomuk;1;m;1
CW;Navina;1;w;1
CW;Niasa;1;m;1
CW;Nazlı;1;w;1
CW;Nicklas;1;m;1
CW;Neala;1;w;1
CW;Niclas;1;m;1
CW;Neelia;1;w;1
CW;Nicolás;1;m;1
CW;Nefeli;1;w;1
CW;Nik;1;m;1
CW;Nela;1;w;1
CW;Nikodem;1;m;1
CW;Nelita;1;w;1
CW;Nikolai;1;m;1
CW;Nella;1;w;1
CW;Nikolaos;1;m;1
CW;Nerkiz;1;w;1
CW;Noar;1;m;1
CW;Nevra;1;w;1
CW;Noel;1;m;1
CW;Neyla;1;w;1
CW;Nosui;1;m;1
CW;Ngoc;1;w;1
CW;Nuri;1;m;1
CW;Nguyen;1;w;1
CW;Oguz;1;m;1
CW;Ngân;1;w;1
CW;Olly;1;m;1
CW;Ngô;1;w;1
CW;Omid;1;m;1
CW;Niamh;1;w;1
CW;Orion;1;m;1
CW;Nico;1;w;1
CW;Orson;1;m;1
CW;Nicoleta;1;w;1
CW;Osman;1;m;1
CW;Nil;1;w;1
CW;Otis;1;m;1
CW;Nilay;1;w;1
CW;Otto;1;m;1
CW;Nilima;1;w;1
CW;Oudai;1;m;1
CW;Nilou;1;w;1
CW;Ozan;1;m;1
CW;Nilüfer;1;w;1
CW;Pablo;1;m;1
CW;Nina;1;w;1
CW;Paco;1;m;1
CW;Ning;1;w;1
CW;Panagiotis;1;m;1
CW;Nisanur;1;w;1
CW;Pars;1;m;1
CW;Nisâ;1;w;1
CW;Pascal;1;m;1
CW;Niv;1;w;1
CW;Patryk;1;m;1
CW;Noelia;1;w;1
CW;Paul-Luis;1;m;1
CW;Noelle;1;w;1
CW;Paulo;1;m;1
CW;Noemi;1;w;1
CW;Pavel;1;m;1
CW;Nola;1;w;1
CW;Peer;1;m;1
CW;Norah;1;w;1
CW;Pelle;1;m;1
CW;Nour;1;w;1
CW;Per;1;m;1
CW;Nour-Alhuda;1;w;1
CW;Petar;1;m;1
CW;Noélie;1;w;1
CW;Peter;1;m;1
CW;Noémie;1;w;1
CW;Phi;1;m;1
CW;Nurhan;1;w;1
CW;Phil;1;m;1
CW;Nyah;1;w;1
CW;Philo;1;m;1
CW;Nélia;1;w;1
CW;Pietro;1;m;1
CW;Odilia;1;w;1
CW;Pincas;1;m;1
CW;Oheni;1;w;1
CW;Platon;1;m;1
CW;Oliwia;1;w;1
CW;Quinn;1;m;1
CW;Ophelia;1;w;1
CW;Quintus;1;m;1
CW;Ophélia;1;w;1
CW;Quirin;1;m;1
CW;Otilia;1;w;1
CW;Qusay;1;m;1
CW;Palina;1;w;1
CW;Qussai;1;m;1
CW;Patrizia;1;w;1
CW;Radomir;1;m;1
CW;Paulin;1;w;1
CW;Ragnar;1;m;1
CW;Paz;1;w;1
CW;Ramirez;1;m;1
CW;Peri;1;w;1
CW;Ramtin;1;m;1
CW;Peyton;1;w;1
CW;Raphaël;1;m;1
CW;Philía;1;w;1
CW;Rashid;1;m;1
CW;Phoebe;1;w;1
CW;Rayyan;1;m;1
CW;Phương;1;w;1
CW;Rebaz;1;m;1
CW;Polina-Lidia;1;w;1
CW;Rexhep;1;m;1
CW;Polly;1;w;1
CW;Rhine;1;m;1
CW;Precious;1;w;1
CW;Rhys;1;m;1
CW;Prema;1;w;1
CW;Rio;1;m;1
CW;Princess;1;w;1
CW;Rishaant;1;m;1
CW;Priscilla;1;w;1
CW;Robby;1;m;1
CW;Raahi;1;w;1
CW;Robert;1;m;1
CW;Rafaella;1;w;1
CW;Rodrigo;1;m;1
CW;Rahel;1;w;1
CW;Romeo;1;m;1
CW;Rahma;1;w;1
CW;Rron;1;m;1
CW;Raihana;1;w;1
CW;Rudrava;1;m;1
CW;Rajaa;1;w;1
CW;Rufus;1;m;1
CW;Rakel;1;w;1
CW;Rupert;1;m;1
CW;Ranja;1;w;1
CW;Rémi;1;m;1
CW;Raquel;1;w;1
CW;Rüsger;1;m;1
CW;Ratil;1;w;1
CW;Rüzgar;1;m;1
CW;Razan;1;w;1
CW;Saden;1;m;1
CW;Rebecca;1;w;1
CW;Safi;1;m;1
CW;Rebekka;1;w;1
CW;Saifulla;1;m;1
CW;Reem;1;w;1
CW;Sal;1;m;1
CW;Ricarda;1;w;1
CW;Saladin;1;m;1
CW;Rilea;1;w;1
CW;Saleh;1;m;1
CW;Rimounda;1;w;1
CW;Salihcan;1;m;1
CW;Rina;1;w;1
CW;Salomo;1;m;1
CW;Ritaj;1;w;1
CW;Samir;1;m;1
CW;Roberta;1;w;1
CW;Samuil;1;m;1
CW;Rodeyna;1;w;1
CW;Sander;1;m;1
CW;Rodina;1;w;1
CW;Santìago;1;m;1
CW;Rokaya;1;w;1
CW;Servin;1;m;1
CW;Rosalind;1;w;1
CW;Sesto;1;m;1
CW;Rosemarie;1;w;1
CW;Seyf;1;m;1
CW;Rosi;1;w;1
CW;Shahan;1;m;1
CW;Rukaya;1;w;1
CW;Shahin;1;m;1
CW;Runa;1;w;1
CW;Shaked;1;m;1
CW;Ružica;1;w;1
CW;Shaquille;1;m;1
CW;Rüya;1;w;1
CW;Sharbel;1;m;1
CW;Saara;1;w;1
CW;Shiraz;1;m;1
CW;Sabrina;1;w;1
CW;Silvester;1;m;1
CW;Sae-Ah;1;w;1
CW;Simeon;1;m;1
CW;Saffiatou;1;w;1
CW;Sinan;1;m;1
CW;Saga;1;w;1
CW;Sino;1;m;1
CW;Sahadath;1;w;1
CW;Sky;1;m;1
CW;Sahar;1;w;1
CW;Soliman;1;m;1
CW;Saima;1;w;1
CW;Stelios;1;m;1
CW;Sainab;1;w;1
CW;Steven;1;m;1
CW;Saira;1;w;1
CW;Stylianos;1;m;1
CW;Sakina;1;w;1
CW;Suleiman;1;m;1
CW;Salam;1;w;1
CW;Suliman;1;m;1
CW;Saliha;1;w;1
CW;Sven;1;m;1
CW;Salomay-Rose;1;w;1
CW;Syed-Ibrahim;1;m;1
CW;Salome;1;w;1
CW;Sól;1;m;1
CW;Samia;1;w;1
CW;Sübhan;1;m;1
CW;Sarina;1;w;1
CW;Süleyman;1;m;1
CW;Sava;1;w;1
CW;Tahiel;1;m;1
CW;Saya;1;w;1
CW;Taim;1;m;1
CW;Scarlett;1;w;1
CW;Talas;1;m;1
CW;Sefora;1;w;1
CW;Talha;1;m;1
CW;Sejma;1;w;1
CW;Talhâ;1;m;1
CW;Selena;1;w;1
CW;Tamer;1;m;1
CW;Selina;1;w;1
CW;Tamim;1;m;1
CW;Senta;1;w;1
CW;Tamir;1;m;1
CW;Seraphina-Joyce;1;w;1
CW;Tan;1;m;1
CW;Serena;1;w;1
CW;Tarik;1;m;1
CW;Serina;1;w;1
CW;Tariq;1;m;1
CW;Shadleen;1;w;1
CW;Tayga;1;m;1
CW;Shanell;1;w;1
CW;Taylan;1;m;1
CW;Shayna;1;w;1
CW;Taylor;1;m;1
CW;Shilan;1;w;1
CW;Taym;1;m;1
CW;Shoonit;1;w;1
CW;Tayo;1;m;1
CW;Shura;1;w;1
CW;Telmo;1;m;1
CW;Sigrid;1;w;1
CW;Temur;1;m;1
CW;Silin;1;w;1
CW;Teseo;1;m;1
CW;Silvana;1;w;1
CW;Theodoros;1;m;1
CW;Simay;1;w;1
CW;Thilo;1;m;1
CW;Sina;1;w;1
CW;Thorgan;1;m;1
CW;Skyla;1;w;1
CW;Théo;1;m;1
CW;Sohal;1;w;1
CW;Tiam;1;m;1
CW;Sol;1;w;1
CW;Tian;1;m;1
CW;Someja;1;w;1
CW;Tilian;1;m;1
CW;Sophie-Helene;1;w;1
CW;Tillmann;1;m;1
CW;Sophija;1;w;1
CW;Timeo;1;m;1
CW;Stefanie;1;w;1
CW;Timofey;1;m;1
CW;Sude;1;w;1
CW;Tin;1;m;1
CW;Suely;1;w;1
CW;Tinello;1;m;1
CW;Sura;1;w;1
CW;Tino;1;m;1
CW;Susanna;1;w;1
CW;Titus;1;m;1
CW;Suzan;1;w;1
CW;Tjako;1;m;1
CW;Swasti;1;w;1
CW;Tjore;1;m;1
CW;Sóley;1;w;1
CW;Tolga;1;m;1
CW;Tabea;1;w;1
CW;Tom-Henry;1;m;1
CW;Talea;1;w;1
CW;Toma;1;m;1
CW;Taleja;1;w;1
CW;Tomas;1;m;1
CW;Talisa;1;w;1
CW;Toni;1;m;1
CW;Talita;1;w;1
CW;Tony-Dennis;1;m;1
CW;Talya;1;w;1
CW;Torkan;1;m;1
CW;Tamara;1;w;1
CW;Tudor;1;m;1
CW;Tamina;1;w;1
CW;Tuncer;1;m;1
CW;Tana;1;w;1
CW;Turan;1;m;1
CW;Tanusha;1;w;1
CW;Turgut;1;m;1
CW;Teona;1;w;1
CW;Tuğra;1;m;1
CW;Teresa;1;w;1
CW;Ugochi;1;m;1
CW;Tessa;1;w;1
CW;Umar;1;m;1
CW;Thalea;1;w;1
CW;Umet;1;m;1
CW;Theda;1;w;1
CW;Umut;1;m;1
CW;Therese;1;w;1
CW;Uras;1;m;1
CW;Theresia;1;w;1
CW;Uveys;1;m;1
CW;Thessa;1;w;1
CW;Uzay;1;m;1
CW;Thilda;1;w;1
CW;Vadim;1;m;1
CW;Thomais;1;w;1
CW;Vasilije;1;m;1
CW;Tiana;1;w;1
CW;Veit;1;m;1
CW;Tjalda;1;w;1
CW;Veysel;1;m;1
CW;Toleen;1;w;1
CW;Vincenzo;1;m;1
CW;Tomiris;1;w;1
CW;Vinzent;1;m;1
CW;Tomma;1;w;1
CW;Vitus;1;m;1
CW;Tonia;1;w;1
CW;Viyan;1;m;1
CW;Treasure;1;w;1
CW;Volt;1;m;1
CW;Trine;1;w;1
CW;Vukadin;1;m;1
CW;Trúc;1;w;1
CW;Wael;1;m;1
CW;Tümay;1;w;1
CW;Waled;1;m;1
CW;Vaani;1;w;1
CW;Walid;1;m;1
CW;Valeria;1;w;1
CW;Wanja;1;m;1
CW;Valerie;1;w;1
CW;Warven;1;m;1
CW;Vida;1;w;1
CW;Waseem;1;m;1
CW;Vivienna;1;w;1
CW;Wassim;1;m;1
CW;Vivienne;1;w;1
CW;Wendelin;1;m;1
CW;Viyana;1;w;1
CW;Wesley;1;m;1
CW;Vjollca;1;w;1
CW;Wilhelm;1;m;1
CW;Wanda;1;w;1
CW;Willem;1;m;1
CW;Waylynn;1;w;1
CW;Willi;1;m;1
CW;Wejla;1;w;1
CW;Wim;1;m;1
CW;Wilhelmina;1;w;1
CW;Winfried;1;m;1
CW;Wilmina;1;w;1
CW;Wito;1;m;1
CW;Winifred;1;w;1
CW;Woo;1;m;1
CW;Winniefried;1;w;1
CW;Wyn;1;m;1
CW;Wizana;1;w;1
CW;Xinmeng;1;m;1
CW;Yam;1;w;1
CW;Yael;1;m;1
CW;Yana;1;w;1
CW;Yago;1;m;1
CW;Yara;1;w;1
CW;Yaman;1;m;1
CW;Yasmin;1;w;1
CW;Yanis;1;m;1
CW;Yasmina;1;w;1
CW;Yannick;1;m;1
CW;Yassmin;1;w;1
CW;Yanno;1;m;1
CW;Yaël;1;w;1
CW;Yaqub;1;m;1
CW;Yeliz;1;w;1
CW;Yari;1;m;1
CW;Yella;1;w;1
CW;Yarin;1;m;1
CW;Ylva;1;w;1
CW;Yaron;1;m;1
CW;Yoana;1;w;1
CW;Yasdan;1;m;1
CW;Yola;1;w;1
CW;Yasser;1;m;1
CW;Yousra;1;w;1
CW;Yassine;1;m;1
CW;Yumi;1;w;1
CW;Yağiz;1;m;1
CW;Yva;1;w;1
CW;Yener;1;m;1
CW;Yōko;1;w;1
CW;Yona;1;m;1
CW;Zahraa;1;w;1
CW;Yousef;1;m;1
CW;Zeinab;1;w;1
CW;Yousif;1;m;1
CW;Zerda;1;w;1
CW;Yousof;1;m;1
CW;Zeyneb;1;w;1
CW;Youssry;1;m;1
CW;Zeynep-Lena;1;w;1
CW;Yumin;1;m;1
CW;Zhining;1;w;1
CW;Yuno;1;m;1
CW;Zoe-Malou;1;w;1
CW;Yury;1;m;1
CW;Zohra;1;w;1
CW;Yves;1;m;1
CW;Zoi;1;w;1
CW;Zain;1;m;1
CW;Zoi-Marie;1;w;1
CW;Zeid;1;m;1
CW;Zoia;1;w;1
CW;Zeyd;1;m;1
CW;Zoja;1;w;1
CW;Zuhdija;1;m;1
CW;Züleyha;1;w;1
CW;Ádelcauê;1;m;1
CW;Zümra;1;w;1
CW;Âkif;1;m;1
CW;Âmine;1;w;1
CW;Çayan;1;m;1
CW;Çiçek;1;w;1
CW;Çınar;1;m;1
CW;Élise;1;w;1
CW;Émile;1;m;1
CW;Şirin;1;w;1
CW;Étienne;1;m;1
CW;Şuara;1;w;1
CW;Özkan;1;m;1
CW;Ýunus;1;m;1
CW;Şervan;1;m;1
